Title,Production_Budget,Worldwide_Gross,Release_Year,CPI,Duration,MPAA_Rating,IMDb_Rating,Voter_Numbers,Genre
Star Wars Ep. VII: The Force Awakens,306000000,2064615817,2015,237,2h 18m,PG-13,7.8,931K,Action
Spider-Man: No Way Home,200000000,1910041582,2021,271,2h 28m,PG-13,8.3,752K,Action
The Avengers,225000000,1515100211,2012,229.6,2h 23m,PG-13,8,1.4M,Action
Top Gun: Maverick,170000000,1488732821,2022,294.4,2h 10m,PG-13,8.4,454K,Action
Star Wars Ep. VIII: The Last Jedi,262000000,1331635141,2017,245.1,2h 32m,PG-13,6.9,633K,Action
Jurassic World: Fallen Kingdom,170000000,1308323302,2018,251.1,2h 8m,PG-13,6.1,318K,Action
Beauty and the Beast,160000000,1268697483,2017,245.1,,PG,6.9,864,Animation
Aquaman,160000000,1143758700,2018,251.1,2h 23m,PG-13,6.8,476K,Action
The Lord of the Rings: The Return of the King,94000000,1120210896,2003,184,3h 21m,PG-13,9,1.8M,Action
Doctor Strange in the Multiverse of Madness,200000000,952224986,2022,294.4,2h 6m,PG-13,6.9,412K,Action
Harry Potter and the Order of the Phoenix,150000000,939619849,2007,207.3,2h 18m,PG-13,7.5,583K,Action
Minions: The Rise of Gru,80000000,938640464,2022,294.4,1h 27m,PG,6.6,64K,Animation
Spider-Man 3,258000000,894860230,2007,207.3,2h 19m,PG-13,6.3,593K,Action
Harry Potter and the Goblet of Fire,150000000,886742787,2005,195.3,2h 37m,PG-13,7.7,628K,Adventure
Ice Age: Dawn of the Dinosaurs,90000000,886686817,2009,214.5,1h 34m,PG,6.9,247K,Animation
Bohemian Rhapsody,55000000,882205260,2018,251.1,2h 14m,PG-13,7.9,540K,Biography
Ice Age: Continental Drift,95000000,879765137,2012,229.6,1h 28m,PG,6.5,211K,Animation
Spider-Man: Homecoming,175000000,878271291,2017,245.1,2h 13m,PG-13,7.4,658K,Action
Spider-Man,139000000,821706375,2002,179.9,,,,,Animation
Independence Day,75000000,817400878,1996,156.9,2h 25m,PG-13,7,577K,Action
Shrek the Third,160000000,807330936,2007,207.3,1h 33m,PG,6.1,309K,Animation
Harry Potter and the Prisoner of Azkaban,130000000,789592708,2004,188.9,2h 22m,PG,7.9,636K,Adventure
Mission: Impossible—Fallout,178000000,787176729,2018,251.1,2h 27m,PG-13,7.7,334K,Action
Suicide Squad,175000000,745744980,2016,240,2h 3m,PG-13,5.9,687K,Action
Transformers,151000000,708272592,2007,207.3,2h 24m,PG-13,7,640K,Action
The Twilight Saga: New Moon,50000000,687557727,2009,214.5,2h 10m,PG-13,4.7,287K,Adventure
"The Twilight Saga: Breaking Dawn, Part 1",127500000,686271489,2011,224.9,1h 57m,PG-13,4.9,242K,Adventure
Gravity,110000000,685710761,2013,233,1h 31m,PG-13,7.7,827K,Drama
Man of Steel,225000000,667999518,2013,233,2h 23m,PG-13,7.1,773K,Action
Interstellar,165000000,648909648,2014,236.7,2h 49m,PG-13,8.6,1.8M,Adventure
Fast Five,125000000,630163454,2011,224.9,2h 10m,PG-13,7.3,383K,Action
Hancock,150000000,624234272,2008,215.3,1h 32m,PG-13,6.4,485K,Action
Iron Man 2,170000000,621156389,2010,218.1,2h 4m,PG-13,6.9,819K,Action
Mamma Mia!,52000000,592235962,2008,215.3,1h 48m,PG-13,6.5,248K,Comedy
Tangled,260000000,583777242,2010,218.1,1h 40m,PG,7.7,456K,Animation
The Croods,135000000,573068425,2013,233,1h 38m,PG,7.2,217K,Animation
The Smurfs,110000000,563749323,2011,224.9,1h 43m,PG,5.4,91K,Animation
Kong: Skull Island,185000000,561072059,2017,245.1,1h 58m,PG-13,6.6,321K,Action
Armageddon,140000000,554600000,1998,163,2h 31m,PG-13,6.7,428K,Action
Star Wars Ep. V: The Empire Strikes Back,23000000,549001086,1980,82.4,2h 4m,PG,8.7,1.3M,Action
The Revenant,135000000,532938302,2015,237,2h 36m,R,8,805K,Action
World War Z,190000000,531861650,2013,233,1h 56m,PG-13,7,669K,Action
Venom: Let There be Carnage,110000000,501546922,2021,271,1h 37m,PG-13,5.9,225K,Action
Clash of the Titans,125000000,493214888,2010,218.1,1h 58m,PG,6.9,45K,Action
Shrek,50000000,491812794,2001,177.1,1h 30m,PG,7.9,679K,Animation
Angels & Demons,150000000,490875846,2009,214.5,2h 18m,PG-13,6.7,295K,Action
Oz the Great and Powerful,200000000,490359051,2013,233,2h 10m,PG,6.3,209K,Adventure
Maleficent: Mistress of Evil,185000000,489181357,2019,255.7,1h 59m,PG,6.6,107K,Adventure
Rio,90000000,487519809,2011,224.9,,,,,
Star Wars Ep. VI: Return of the Jedi,32500000,475105360,1983,99.6,2h 11m,PG,8.3,1.1M,Action
Rise of the Planet of the Apes,93000000,470986200,2011,224.9,1h 45m,PG-13,7.6,531K,Action
It: Chapter Two,70000000,467563955,2019,255.7,2h 49m,R,6.5,268K,Drama
Mrs. Doubtfire,25000000,441286003,1993,144.5,2h 5m,PG-13,7.1,270K,Comedy
Les Miserables,65000000,438420442,2012,229.6,2h 38m,PG-13,7.5,332K,Drama
The King’s Speech,15000000,430061213,2010,218.1,1h 58m,R,8,682K,Biography
The Mummy,80000000,416385488,1999,166.6,2h 4m,PG-13,7.1,432K,Action
Rain Man,25000000,412800000,1988,118.3,2h 13m,R,8,516K,Drama
Sing 2,85000000,404746149,2021,271,1h 50m,PG,7.4,69K,Animation
Snow White and the Huntsman,170000000,401021746,2012,229.6,2h 7m,PG-13,6.1,292K,Action
Black Adam,200000000,389642380,2022,294.4,2h 5m,PG-13,6.5,180K,Action
Godzilla: King of the Monsters,170000000,383299914,2019,255.7,2h 12m,PG-13,6,184K,Action
Fifty Shades Darker,55000000,381367046,2017,245.1,1h 58m,R,4.6,104K,Drama
Taken 2,45000000,377807404,2012,229.6,1h 32m,PG-13,6.2,309K,Action
Die Hard: With a Vengeance,90000000,366101666,1995,152.4,2h 8m,R,7.6,390K,Action
Tenet,205000000,362261526,2020,258.8,2h 30m,PG-13,7.3,505K,Action
Planet of the Apes,100000000,362211740,2001,177.1,1h 59m,PG-13,5.7,221K,Action
The Hangover 3,103000000,362000072,2013,233,1h 40m,R,5.8,317K,Comedy
Dinosaur,127500000,356148063,2000,172.2,1h 22m,PG,6.4,62K,Animation
Dumbo,170000000,353166307,2019,255.7,1h 52m,PG,6.3,77K,Adventure
Hannibal,87000000,350100280,2001,177.1,,R,8.5,256K,Crime
The Maze Runner,34000000,348319861,2014,236.7,1h 53m,PG-13,6.8,470K,Action
Rush Hour 2,90000000,347425832,2001,177.1,1h 30m,PG-13,6.6,223K,Action
Pocahontas,55000000,347100000,1995,152.4,1h 21m,G,6.7,189K,Animation
Over the Hedge,80000000,343397247,2006,201.6,1h 23m,PG,6.7,177K,Animation
Close Encounters of the Third Kind,20000000,340800479,1977,60.6,2h 18m,PG,7.6,204K,Drama
Indiana Jones and the Temple of Doom,28000000,333080271,1984,103.9,1h 58m,PG,7.5,490K,Action
22 Jump Street,50000000,331333876,2014,236.7,1h 52m,R,7,380K,Action
The Curious Case of Benjamin Button,160000000,329631958,2008,215.3,2h 46m,PG-13,7.8,653K,Drama
The Perfect Storm,120000000,328711434,2000,172.2,2h 10m,PG-13,6.5,170K,Action
Crocodile Dundee,8800000,328203506,1986,109.6,1h 37m,PG-13,6.6,107K,Action
Taken 3,48000000,327656424,2015,237,1h 48m,PG-13,6,194K,Action
Megamind,130000000,321887208,2010,218.1,1h 35m,PG,7.3,265K,Animation
The Last Airbender,150000000,319713881,2010,218.1,,PG,9.3,316K,Animation
The Conjuring,20000000,317740900,2013,233,1h 52m,R,7.5,511K,Horror
Beverly Hills Cop,15000000,316300000,1984,103.9,1h 45m,R,7.3,187K,Action
As Good as it Gets,50000000,314111923,1997,160.5,2h 19m,PG-13,7.7,301K,Comedy
The Expendables 2,100000000,311979256,2012,229.6,1h 43m,R,6.6,309K,Action
Maze Runner: The Scorch Trials,61000000,310566162,2015,237,2h 11m,PG-13,6.3,253K,Action
Chicago,30000000,306770545,2002,179.9,,PG-13,8,58K,Action
Annabelle: Creation,15000000,305384865,2017,245.1,1h 49m,R,6.5,136K,Horror
Sonic The Hedgehog,90000000,302536124,2020,258.8,1h 39m,PG,6.5,67K,Action
Hook,70000000,300854823,1991,136.2,2h 22m,PG,6.8,257K,Adventure
The Divergent Series: Insurgent,110000000,295075882,2015,237,1h 59m,PG-13,6.2,240K,Action
Elysium,120000000,286192091,2013,233,1h 49m,R,6.6,451K,Action
The Tourist,100000000,278731369,2010,218.1,,R,7,17K,Drama
The Nutty Professor,55000000,273814019,1996,156.9,1h 35m,PG-13,5.7,118K,Comedy
Lincoln,65000000,273346281,2012,229.6,,,,,
Bad Boys II,130000000,273271982,2003,184,2h 27m,R,6.6,253K,Action
"10,000 B.C.",105000000,269065678,2008,215.3,1h 49m,PG-13,5.1,132K,Action
Exodus: Gods and Kings,140000000,268314513,2014,236.7,2h 30m,PG-13,6,170K,Action
Bambi,858000,268000000,1942,16.3,1h 9m,G,7.3,145K,Animation
Real Steel,110000000,263880341,2011,224.9,2h 7m,PG-13,7,332K,Action
Robots,80000000,260636271,2005,195.3,1h 31m,PG,6.4,149K,Animation
Knight and Day,117000000,258751370,2010,218.1,1h 49m,PG-13,6.3,198K,Action
The Village,71682975,257641634,2004,188.9,1h 48m,PG-13,6.6,263K,Drama
Rush Hour 3,180000000,256585882,2007,207.3,1h 31m,PG-13,6.2,171K,Action
Cliffhanger,65000000,255000000,1993,144.5,1h 53m,R,6.5,132K,Action
The Bad Guys,70000000,250443979,2022,294.4,1h 40m,PG,6.8,40K,Animation
Terminator: Dark Fate,185000000,250367666,2019,255.7,2h 8m,R,6.2,179K,Action
Space Jam,80000000,250180384,1996,156.9,1h 28m,PG,6.5,199K,Animation
Eragon,100000000,249488115,2006,201.6,1h 44m,PG,5.1,127K,Action
Unbreakable,73243106,248099143,2000,172.2,1h 46m,PG-13,7.3,420K,Drama
Bienvenue chez les Ch'tis,16000000,247474497,2008,215.3,1h 46m,Not Rated,7.1,43K,Comedy
Pixels,90000000,244041804,2015,237,1h 45m,PG-13,5.6,146K,Action
Hercules,100000000,243388614,2014,236.7,1h 33m,G,7.3,234K,Animation
Assassin’s Creed,125000000,240759682,2016,240,1h 55m,PG-13,5.6,200K,Action
Bullet Train,85900000,238766587,2022,294.4,2h 7m,R,7.3,226K,Action
Dark Shadows,150000000,238202668,2012,229.6,1h 53m,PG-13,6.2,270K,Comedy
A Few Good Men,33000000,236500000,1992,140.3,2h 18m,R,7.7,266K,Drama
Mr. Bean’s Holiday,25000000,234981342,2007,207.3,1h 30m,G,6.4,127K,Comedy
American Pie,12000000,234723148,1999,166.6,1h 35m,R,7,409K,Comedy
Gone in 60 Seconds,103300000,232643008,2000,172.2,1h 58m,PG-13,6.5,281K,Action
The Heat,43000000,229727774,2013,233,1h 57m,R,6.6,174K,Action
Big Daddy,30000000,228641283,1999,166.6,1h 33m,PG-13,6.4,220K,Comedy
Chicken Run,42000000,227793915,2000,172.2,1h 24m,G,7.1,194K,Animation
The Imitation Game,15000000,227328585,2014,236.7,1h 54m,PG-13,8,771K,Biography
Taken,25000000,226941585,2008,215.3,1h 30m,PG-13,7.8,605K,Action
Interview with the Vampire,50000000,223564608,1994,148.2,,R,7,12K,Drama
Non-Stop,50000000,222383055,2014,236.7,1h 46m,PG-13,6.9,266K,Action
Green Lantern,200000000,219535492,2011,224.9,1h 54m,PG-13,5.5,287K,Action
What Happens in Vegas...,35000000,218535708,2008,215.3,1h 39m,PG-13,6.1,178K,Comedy
Ted 2,68000000,217214143,2015,237,1h 55m,R,6.3,212K,Comedy
Central Intelligence,50000000,217194805,2016,240,1h 47m,PG-13,6.3,193K,Action
The Emoji Movie,50000000,216564839,2017,245.1,1h 26m,PG,3.3,65K,Animation
The Patriot,110000000,215300000,2000,172.2,2h 45m,R,7.2,277K,Action
Valerian and the City of a Thousand Planets,180000000,215098356,2017,245.1,2h 16m,PG-13,6.4,183K,Action
Flightplan,55000000,214392904,2005,195.3,1h 38m,PG-13,6.3,164K,Drama
Smallfoot,80000000,213682073,2018,251.1,1h 36m,PG,6.6,40K,Animation
Creed II,50000000,213591522,2018,251.1,2h 10m,PG-13,7.1,127K,Drama
Master and Commander: The Far Side of the World,135000000,212912137,2003,184,2h 18m,PG-13,7.4,224K,Action
Ace Ventura: When Nature Calls,30000000,212400000,1995,152.4,1h 30m,PG-13,6.4,220K,Adventure
End of Days,100000000,212026975,1999,166.6,2h 2m,R,5.8,112K,Action
Immortals,75000000,211562435,2011,224.9,1h 50m,R,6,170K,Action
The Others,17000000,207765056,2001,177.1,1h 44m,PG-13,7.6,369K,Horror
S.W.A.T.,70000000,207154748,2003,184,,PG-13,7.1,,Action
Eat Pray Love,60000000,206598789,2010,218.1,2h 13m,PG-13,5.8,99K,Biography
Red Dragon,78000000,206455420,2002,179.9,2h 4m,R,7.2,276K,Crime
A Dog’s Purpose,25000000,203055427,2017,245.1,1h 40m,PG,7.2,73K,Adventure
Hairspray,75000000,202822861,2007,207.3,1h 57m,PG,6.7,132K,Comedy
Vanilla Sky,70000000,202726605,2001,177.1,2h 16m,R,6.9,270K,Fantasy
Two Weeks Notice,60000000,199043309,2002,179.9,1h 41m,PG-13,6.1,120K,Comedy
London Has Fallen,60000000,195194085,2016,240,1h 39m,R,5.9,160K,Action
The Equalizer,55000000,192903624,2014,236.7,,PG-13,5.3,13K,Action
Superman II,54000000,190400000,1981,90.9,2h 7m,PG,6.8,109K,Action
The LEGO Movie 2: The Second Part,99000000,190131035,2019,255.7,1h 47m,PG,6.6,68K,Animation
Abominable,75000000,188668517,2019,255.7,1h 37m,PG,7,39K,Animation
The Grudge,10000000,187281115,2004,188.9,1h 31m,PG-13,5.9,146K,Horror
Watchmen,138000000,186976250,2009,214.5,2h 42m,R,7.6,554K,Action
Paul Blart: Mall Cop,26000000,185904750,2009,214.5,1h 31m,PG,5.2,112K,Action
Inside Man,50000000,185798265,2006,201.6,,R,6.6,20K,Crime
Road to Perdition,80000000,183354514,2002,179.9,1h 57m,R,7.7,270K,Crime
Aliens,17000000,183300764,1986,109.6,2h 17m,R,8.4,718K,Action
Daredevil,80000000,182782518,2003,184,,R,8.6,442K,Action
Hugo,180000000,180047784,2011,224.9,2h 6m,PG,7.5,325K,Adventure
How to Lose a Guy in 10 Days,50000000,178503788,2003,184,1h 56m,PG-13,6.4,242K,Comedy
Brokeback Mountain,13900000,176980863,2005,195.3,2h 14m,R,7.7,359K,Drama
Dr. Dolittle 2,72000000,176101721,2001,177.1,1h 27m,PG,4.7,46K,Comedy
The Bucket List,45000000,174807445,2007,207.3,1h 37m,PG-13,7.4,248K,Adventure
Insidious: The Last Key,10000000,172811971,2018,251.1,1h 43m,PG-13,5.7,62K,Horror
Anchorman 2: The Legend Continues,50000000,172246223,2013,233,1h 59m,PG-13,6.3,184K,Comedy
Jackass 3D,20000000,171685793,2010,218.1,1h 34m,R,7,66K,Documentary
Cloverfield,25000000,171302226,2008,215.3,1h 25m,PG-13,7,401K,Action
Zookeeper,80000000,170805525,2011,224.9,1h 42m,PG,5.2,62K,Comedy
Ticket to Paradise,60000000,170749742,2022,294.4,1h 44m,PG-13,6.2,31K,Comedy
Starsky & Hutch,60000000,170200225,2004,188.9,1h 41m,PG-13,7,149K,Comedy
Seven Pounds,54000000,166617328,2008,215.3,2h 3m,PG-13,7.6,305K,Drama
Gemini Man,140000000,166598362,2019,255.7,1h 57m,PG-13,5.7,115K,Action
Nutty Professor II: The Klumps,84000000,166307945,2000,172.2,1h 46m,PG-13,4.4,51K,Comedy
In Time,35000000,165103952,2011,224.9,1h 49m,PG-13,6.7,414K,Action
Daddy Day Care,60000000,164285587,2003,184,1h 32m,PG,5.6,70K,Comedy
Saw III,10000000,163876815,2006,201.6,1h 48m,R,6.2,196K,Crime
Bridge of Spies,40000000,162498338,2015,237,2h 22m,PG-13,7.6,313K,Drama
The Magnificent Seven,90000000,162122642,2016,240,2h 8m,PG-13,6.8,587,Action
Payback,50000000,161626121,1999,166.6,1h 40m,R,7.1,140K,Action
"Three Billboards Outside Ebbing, Missouri",12000000,161316375,2017,245.1,1h 55m,R,8.1,508K,Comedy
Legends of the Fall,30000000,160502573,1994,148.2,2h 13m,R,7.5,169K,Drama
Underworld: Awakening,70000000,160379930,2012,229.6,1h 28m,R,6.3,156K,Action
27 Dresses,30000000,160247805,2008,215.3,1h 51m,PG-13,6.1,166K,Comedy
21,35000000,159846429,2008,215.3,2h 3m,PG-13,6.8,254K,Crime
The Jackal,60000000,159356941,1997,160.5,2h 4m,R,6.4,119K,Action
Sin City,40000000,158527918,2005,195.3,2h 4m,R,8,771K,Crime
This Means War,65000000,156974557,2012,229.6,1h 43m,PG-13,6.3,188K,Action
War Horse,70000000,156815529,2011,224.9,2h 26m,PG-13,7.2,159K,Action
The Haunted Mansion,90000000,155750628,2003,184,1h 28m,PG,5.1,50K,Comedy
Dreamgirls,75000000,155620350,2006,201.6,2h 10m,PG-13,6.6,74K,Drama
Saw II,5000000,152925093,2005,195.3,1h 33m,R,6.6,255K,Horror
Gremlins,11000000,152445347,1984,103.9,1h 46m,PG,7.3,228K,Comedy
Congo,50000000,152022333,1995,152.4,1h 49m,PG-13,5.2,46K,Action
Evita,55000000,151947179,1996,156.9,2h 15m,PG,6.3,36K,Biography
47 Ronin,175000000,151716815,2013,233,2h 8m,PG-13,6.2,162K,Action
Hustlers,20700000,150467919,2019,255.7,1h 50m,R,6.3,101K,Comedy
The General's Daughter,60000000,149705852,1999,166.6,1h 56m,R,6.4,60K,Crime
Ghost Rider: Spirit of Vengeance,57000000,149217355,2012,229.6,1h 36m,PG-13,4.3,121K,Action
Death Becomes Her,55000000,149022650,1992,140.3,1h 44m,PG-13,6.6,121K,Comedy
Step Up 2 the Streets,17500000,148586910,2008,215.3,1h 38m,PG-13,6.2,88K,Drama
Mama,15000000,148095566,2013,233,1h 40m,PG-13,6.2,183K,Fantasy
Arthur Christmas,85000000,147925045,2011,224.9,1h 37m,PG,7.1,61K,Animation
New Year’s Eve,26000000,146850273,2011,224.9,1h 58m,PG-13,5.6,87K,Comedy
The Boss Baby: Family Business,82000000,146281732,2021,271,1h 47m,PG,5.9,19K,Animation
Blades of Glory,61000000,145594548,2007,207.3,1h 33m,PG-13,6.3,170K,Comedy
Herbie: Fully Loaded,50000000,144110682,2005,195.3,1h 41m,G,4.9,49K,Adventure
Charlotte's Web,82500000,143985708,2006,201.6,1h 37m,G,6.3,43K,Adventure
National Lampoon's Animal House,3000000,141600000,1978,65.2,1h 49m,R,7.4,122K,Comedy
RED 2,84000000,141507355,2013,233,1h 56m,PG-13,6.6,173K,Action
Bad Boys,23000000,141247413,1995,152.4,1h 59m,R,6.8,268K,Action
The Jungle Book 2,20000000,139924202,2003,184,1h 12m,G,5.3,17K,Animation
Annie,65000000,139829625,2014,236.7,,,,,
Anastasia,53000000,139801096,1997,160.5,1h 34m,G,7.1,126K,Animation
17 Again,40000000,139474906,2009,214.5,1h 42m,PG-13,6.4,204K,Comedy
Die Hard,28000000,139434346,1988,118.3,2h 12m,R,8.2,879K,Action
Scream,24000000,138874789,2022,294.4,1h 54m,R,6.3,114K,Horror
Gods of Egypt,140000000,138836756,2016,240,2h 7m,PG-13,5.4,118K,Action
Contagion,60000000,137551591,2011,224.9,1h 46m,PG-13,6.8,305K,Drama
Unknown,40000000,136123083,2011,224.9,1h 53m,PG-13,6.8,263K,Action
The Princess Diaries 2: Royal Engagement,45000000,134713435,2004,188.9,1h 53m,G,5.8,83K,Comedy
The Best Exotic Marigold Hotel,10000000,134639780,2012,229.6,2h 4m,PG-13,7.2,96K,Comedy
Pokemon 2000,30000000,133946923,2000,172.2,1h 39m,G,6,23K,Animation
Babel,20000000,132121212,2006,201.6,2h 23m,R,7.5,305K,Drama
School of Rock,20000000,131944672,2003,184,1h 49m,PG-13,7.2,308K,Comedy
Munich,75000000,131492772,2005,195.3,2h 44m,R,7.5,229K,Action
Blade,45000000,131237688,1998,163,2h 44m,R,8,574K,Action
Bewitched,80000000,131159306,2005,195.3,,G,7.6,22K,Comedy
Man on Fire,60000000,130968579,2004,188.9,2h 26m,R,7.7,366K,Action
V for Vendetta,50000000,130214162,2006,201.6,2h 12m,R,8.2,1.1M,Action
Space Cowboys,65000000,128874043,2000,172.2,2h 10m,PG-13,6.5,82K,Action
Captain Underpants: The First Epic Movie,38000000,126422949,2017,245.1,1h 29m,PG,6.2,29K,Animation
Zombieland: Double Tap,48000000,125213018,2019,255.7,1h 39m,R,6.7,182K,Action
Apocalypto,40000000,121032272,2006,201.6,2h 19m,R,7.8,315K,Action
The Omen,25000000,119295584,2006,201.6,1h 51m,R,7.5,122K,Horror
Disturbia,20000000,118537627,2007,207.3,1h 45m,PG-13,6.8,237K,Crime
The Purge: Election Year,10000000,118514727,2016,240,1h 48m,R,6,103K,Action
Coyote Ugly,45000000,113916474,2000,172.2,1h 40m,PG-13,5.7,116K,Comedy
Final Destination 3,25000000,112798051,2006,201.6,1h 33m,R,5.8,144K,Horror
Good Boys,20000000,111174248,2019,255.7,1h 30m,R,6.7,75K,Adventure
Free Birds,55000000,110387072,2013,233,1h 31m,PG,5.8,25K,Animation
Hoodwinked,17500000,109843390,2006,201.6,1h 20m,PG,6.5,62K,Animation
Sideways,17000000,109726800,2004,188.9,2h 7m,R,7.5,193K,Comedy
Sanctum,30000000,108957098,2011,224.9,1h 48m,R,5.9,56K,Action
10 Cloverfield Lane,15000000,108286422,2016,240,1h 43m,PG-13,7.2,330K,Drama
Hidalgo,78000000,108086731,2004,188.9,2h 16m,PG-13,6.7,83K,Action
The American President,62000000,107822813,1995,152.4,1h 54m,PG-13,6.8,58K,Comedy
Spirit: Stallion of the Cimarron,80000000,106515310,2002,179.9,1h 23m,G,7.2,77K,Animation
Race to Witch Mountain,50000000,105103784,2009,214.5,1h 38m,PG,5.7,61K,Action
Cinderella Man,88000000,105021488,2005,195.3,2h 24m,PG-13,8,189K,Biography
Training Day,45000000,104505352,2001,177.1,2h 2m,R,7.7,439K,Action
Vicky Cristina Barcelona,16000000,104504817,2008,215.3,1h 36m,PG-13,7.1,258K,Comedy
Don’t Say a Word,50000000,104488383,2001,177.1,1h 53m,R,6.3,53K,Drama
Night School,29000000,104145633,2018,251.1,1h 51m,PG-13,5.6,42K,Comedy
Gangster Squad,60000000,104100903,2013,233,1h 53m,R,6.7,217K,Action
Saw,1200000,103880027,2004,188.9,1h 43m,R,7.6,425K,Horror
Ouija,5000000,103300632,2014,236.7,1h 29m,PG-13,4.5,54K,Horror
Blue Jasmine,18000000,102912961,2013,233,1h 38m,PG-13,7.3,204K,Comedy
The Little Prince,77500000,102028919,2015,237,1h 48m,PG,7.7,63K,Animation
The Devil Inside,1000000,101759490,2012,229.6,1h 23m,R,4.2,36K,Horror
Heaven is for Real,12000000,100913556,2014,236.7,1h 39m,PG,5.8,27K,Biography
Fight Club,65000000,100820947,1999,166.6,2h 19m,R,8.8,2.1M,Drama
The Good Shepherd,80000000,100378271,2006,201.6,2h 47m,R,6.7,104K,Drama
Alpha,51000000,99624873,2018,251.1,1h 36m,PG-13,6.6,63K,Action
Nacho Libre,32000000,99296462,2006,201.6,1h 32m,PG,5.8,89K,Comedy
The Time Machine,80000000,98983590,2002,179.9,1h 36m,PG-13,6,126K,Action
Paycheck,60000000,98819789,2003,184,1h 59m,PG-13,6.3,110K,Action
Bowfinger,55000000,98699769,1999,166.6,1h 37m,PG-13,6.5,71K,Comedy
Are We There Yet?,20000000,98114471,2005,195.3,1h 35m,PG,4.7,33K,Adventure
Green Zone,100000000,97523020,2010,218.1,1h 55m,R,6.8,138K,Action
The Rite,37000000,97143987,2011,224.9,1h 54m,PG-13,6,99K,Drama
Jarhead,72000000,96947540,2005,195.3,2h 5m,R,7,192K,Biography
The Stepford Wives,100000000,96150482,2004,188.9,1h 33m,PG-13,5.3,67K,Comedy
The Manchurian Candidate,80000000,96135872,2004,188.9,2h 9m,R,6.6,112K,Drama
Underworld,22000000,95708457,2003,184,2h 1m,R,7,272K,Action
Shooter,60000000,95538560,2007,207.3,2h 4m,R,7.1,336K,Action
Peter Pan,100000000,95255485,2003,184,1h 53m,PG,6.8,74K,Adventure
Silent Hill,50000000,94704227,2006,201.6,2h 5m,R,6.5,233K,Horror
The Woman King,50000000,94218994,2022,294.4,2h 15m,PG-13,6.7,40K,Action
The Internship,58000000,93672764,2013,233,1h 59m,PG-13,6.3,206K,Comedy
Gwoemul,12000000,92618117,2007,207.3,2h,R,7.1,123K,Drama
The Skeleton Key,40000000,92256918,2005,195.3,1h 44m,PG-13,6.5,117K,Drama
Spotlight,20000000,91902438,2015,237,2h 9m,R,8.1,471K,Biography
Treasure Planet,100000000,91800000,2002,179.9,1h 35m,PG,7.2,120K,Animation
Ben-Hur,95000000,91669648,2016,240,3h 32m,G,8.1,240K,Adventure
Overboard,12000000,91244913,2018,251.1,1h 52m,PG,6.9,61K,Comedy
Season of the Witch,40000000,91126600,2011,224.9,1h 35m,PG-13,5.4,95K,Action
King Kong,23000000,90614445,1976,56.9,3h 7m,PG-13,7.2,425K,Action
Bring it On,10000000,90453550,2000,172.2,1h 38m,PG-13,6.1,98K,Comedy
Racing Stripes,30000000,89809433,2005,195.3,1h 42m,PG,5.2,17K,Adventure
Line Walker ,10800000,89569657,2016,240,,,,,Action
Sinister,3000000,87727807,2012,229.6,1h 50m,R,6.8,256K,Horror
Sherlock Gnomes,59000000,87527651,2018,251.1,1h 26m,PG,5.2,13K,Animation
Hall Pass,68000000,87173475,2011,224.9,1h 45m,R,5.9,127K,Comedy
The Lincoln Lawyer,40000000,87145086,2011,224.9,,R,7.7,38K,Crime
Star Trek III: The Search for Spock,18000000,87000000,1984,103.9,1h 45m,PG,6.6,82K,Action
Oceans,80000000,86787530,2010,218.1,1h 24m,G,7.7,9.8K,Documentary
Date Movie,20000000,85146165,2006,201.6,1h 23m,PG-13,2.8,60K,Comedy
Final Fantasy: The Spirits Within,137000000,85131830,2001,177.1,1h 46m,PG-13,6.4,83K,Animation
Das Boot,12000000,84970337,1982,96.5,,,,,Drama
Pinocchio,2289247,84300000,1940,14,1h 57m,PG,7.8,39K,Animation
Zodiac,85000000,83080084,2007,207.3,2h 37m,R,7.7,544K,Crime
The Strangers,9000000,83051676,2008,215.3,1h 26m,R,6.1,133K,Horror
Hitman: Agent 47,35000000,82182803,2015,237,1h 36m,R,5.7,92K,Action
Reign of Fire,60000000,82150183,2002,179.9,1h 41m,PG-13,6.2,138K,Action
Tinker Tailor Soldier Spy,21000000,81428388,2011,224.9,2h 7m,R,7,203K,Drama
Hereditary,10000000,81263489,2018,251.1,2h 7m,R,7.3,318K,Drama
Hot Fuzz,16000000,80976736,2007,207.3,2h 1m,R,7.8,508K,Action
The Family,30000000,80588942,2013,233,1h 39m,PG-13,6.9,165K,Comedy
Hannibal Rising,50000000,80583311,2007,207.3,2h 1m,R,6.1,111K,Adventure
Jackass: The Movie,2000000,79282312,2002,179.9,1h 25m,R,6.6,96K,Documentary
Conan the Barbarian,20000000,79114085,1982,96.5,2h 9m,R,6.9,152K,Action
Scary Movie V,20000000,78613981,2013,233,1h 26m,PG-13,3.5,73K,Comedy
Windtalkers,115000000,77628265,2002,179.9,2h 14m,R,6.1,70K,Action
The Number 23,32000000,77593167,2007,207.3,1h 38m,R,6.4,204K,Crime
Mirrors,35000000,77220596,2008,215.3,1h 50m,R,6.1,109K,Horror
There Will Be Blood,25000000,77208672,2007,207.3,2h 38m,R,8.2,588K,Drama
Tag,28000000,77024944,2018,251.1,1h 40m,R,6.5,135K,Action
The Mechanic,42500000,76347393,2011,224.9,1h 33m,R,6.5,162K,Action
Bend it Like Beckham,5600000,74566042,2002,179.9,1h 52m,PG-13,6.7,112K,Comedy
WarGames,12000000,74433837,1983,99.6,1h 54m,PG,7.1,102K,Action
Next,70000000,73591500,2007,207.3,,PG,8.7,122K,Action
"Dude, Where's My Car?",13000000,73180297,2000,172.2,1h 23m,PG-13,5.5,141K,Comedy
Death Race,65000000,72516819,2008,215.3,1h 20m,R,6.2,28K,Action
Shallow Hal,40000000,70836296,2001,177.1,1h 54m,PG-13,6,136K,Comedy
Ronin,55000000,70692101,1998,163,2h 2m,R,7.2,186K,Action
Takers,32000000,70587268,2010,218.1,1h 47m,PG-13,6.2,63K,Action
The Hills Have Eyes,17000000,70355813,2006,201.6,1h 47m,R,6.4,173K,Horror
A Cinderella Story,19000000,70112484,2004,188.9,1h 35m,PG,5.9,89K,Comedy
What Men Want,20000000,69911903,2019,255.7,1h 57m,R,5.3,28K,Comedy
Children of Men,76000000,69845011,2006,201.6,1h 49m,R,7.9,503K,Action
Tae Guik Gi: The Brotherhood of War,12500000,69826708,2004,188.9,2h 20m,R,8,40K,Action
The Brave One,70000000,69792704,2007,207.3,2h 2m,R,6.7,62K,Action
The Adventures of Sharkboy and Lavagirl in 3-D,50000000,69425966,2005,195.3,1h 33m,PG,3.7,39K,Action
Bad Company,70000000,69157016,2002,179.9,1h 56m,PG-13,5.6,48K,Action
Letters from Iwo Jima,13000000,67867998,2006,201.6,2h 21m,R,7.9,164K,Action
Austin Powers: International Man of Mystery,18000000,67683989,1997,160.5,1h 29m,PG-13,7,243K,Adventure
When a Stranger Calls,15000000,67215435,2006,201.6,1h 37m,R,6.4,13K,Horror
102 Dalmatians,85000000,66941559,2000,172.2,1h 40m,G,4.8,38K,Adventure
Selma,20000000,66776576,2015,237,,,,,
Hanna,30000000,65343694,2011,224.9,,R,7.6,39K,Action
Jersey Boys,40000000,65282732,2014,236.7,2h 14m,R,6.8,35K,Biography
Something Borrowed,35000000,65084116,2011,224.9,1h 52m,PG-13,5.8,63K,Comedy
Haeundae,16000000,64733391,2010,218.1,2h,R,5.6,4.7K,Action
Happy Death Day 2U,9000000,64686515,2019,255.7,1h 40m,PG-13,6.2,76K,Comedy
August Rush,25000000,64605762,2007,207.3,1h 54m,PG,7.4,108K,Drama
The Imaginarium of Doctor Parnassus,30000000,64352607,2009,214.5,2h 3m,PG-13,6.8,150K,Adventure
The Remains of the Day,15000000,63954968,1993,144.5,3h 12m,PG-13,8.1,89K,Action
The Longest Ride,34000000,63802928,2015,237,2h 3m,PG-13,7,84K,Comedy
God’s Not Dead,1150000,63777092,2014,236.7,1h 53m,PG,4.6,43K,Drama
Beavis and Butt-Head Do America,12000000,63118386,1996,156.9,1h 21m,PG-13,6.8,58K,Animation
How to Be a Latin Lover,10000000,62556228,2017,245.1,1h 55m,PG-13,6,17K,Comedy
A Walk Among the Tombstones,28000000,62108587,2014,236.7,1h 54m,R,6.5,123K,Action
The Tree of Life,35000000,61721826,2011,224.9,2h 19m,PG-13,6.8,178K,Drama
Bombshell,32000000,61404394,2019,255.7,1h 49m,R,6.8,116K,Biography
My Little Pony: The Movie,6500000,61294644,2017,245.1,1h 39m,PG,6,7.2K,Animation
Dallas Buyers Club,5000000,60611845,2013,233,1h 57m,R,7.9,490K,Biography
Secretariat,35000000,60376247,2010,218.1,2h 3m,PG,7.2,29K,Biography
The Perfect Guy,18000000,60278166,2015,237,1h 40m,PG-13,5.6,11K,Drama
Spartacus,12000000,60000000,1960,29.6,,R,8.5,243K,Action
Aliens in the Attic,45000000,59551283,2009,214.5,1h 26m,PG,5.4,23K,Adventure
Baekdusan,17700000,59505509,2019,255.7,2h 10m,PG-13,6.2,5K,Action
That’s My Boy,57500000,58879681,2012,229.6,1h 56m,R,5.5,102K,Comedy
Doom,70000000,58757178,2005,195.3,,R,7.8,53K,Action
Woman in Gold,11000000,58586407,2015,237,1h 49m,PG-13,7.3,60K,Biography
Zathura,65000000,58545540,2005,195.3,1h 41m,PG,6.2,106K,Action
Nine Lives,30000000,57814445,2016,240,,G,7.1,4.1K,Comedy
End of Watch,15000000,57586606,2012,229.6,1h 49m,R,7.6,251K,Action
Derailed,22000000,57520063,2005,195.3,1h 48m,R,6.6,74K,Crime
The Godfather: Part II,13000000,57386230,1974,49.3,3h 22m,R,9,1.3M,Crime
Crossroads,12000000,57000000,2002,179.9,1h 33m,PG-13,3.6,40K,Comedy
The Man in the Iron Mask,35000000,56968169,1998,163,2h 12m,PG-13,6.5,169K,Action
The Big Sick,5000000,56868677,2017,245.1,2h,R,7.5,137K,Comedy
Silent Hill: Revelation 3D,20000000,55975672,2012,229.6,1h 35m,R,4.9,64K,Horror
Why Did I Get Married?,15000000,55934178,2007,207.3,1h 53m,PG-13,5.9,13K,Comedy
The Animal,22000000,55762229,2001,177.1,,,,,
"Definitely, Maybe",7000000,55617866,2008,215.3,1h 52m,PG-13,7.1,167K,Comedy
Open Water,500000,55518641,2004,188.9,1h 19m,R,5.8,54K,Adventure
Lucky Number Slevin,27000000,55495466,2006,201.6,1h 50m,R,7.7,315K,Crime
Zoolander 2,50000000,55348693,2016,240,1h 41m,PG-13,4.7,70K,Action
Waking Ned Devine,3000000,55193251,1998,163,1h 31m,PG,7.3,27K,Comedy
Dawn of the Dead,1500000,55000000,1979,72.6,1h 41m,R,7.3,258K,Action
Driven,72000000,54616869,2001,177.1,1h 56m,PG-13,4.6,42K,Action
The Three Stooges,30000000,54052249,2012,229.6,,,,,
Edward Scissorhands,20000000,53980220,1990,130.7,1h 45m,PG-13,7.9,494K,Drama
Aeon Flux,55000000,53913573,2005,195.3,1h 33m,PG-13,5.4,129K,Action
Long Shot,40000000,53624424,2019,255.7,2h 5m,R,6.8,112K,Comedy
Message in a Bottle,30000000,52880016,1999,166.6,2h 6m,PG-13,6.2,39K,Drama
The Roommate,16000000,52545707,2011,224.9,1h 31m,PG-13,4.8,39K,Horror
Le Petit Nicolas,30000000,52339566,2010,218.1,,,,,Animation
Slender Man,10000000,51945949,2018,251.1,1h 33m,PG-13,3.2,35K,Horror
Homefront,22000000,51695362,2013,233,1h 40m,R,6.5,122K,Action
Teen Titans Go! To The Movies,10000000,51620593,2018,251.1,1h 24m,PG,6.7,20K,Animation
Fargo,7000000,51203925,1996,156.9,,R,8.9,374K,Crime
All the President’s Men,8500000,51048435,1976,56.9,2h 18m,PG,7.9,117K,Drama
Enough,38000000,50970660,2002,179.9,1h 55m,PG-13,5.7,44K,Crime
Team America: World Police,20000000,50948811,2004,188.9,1h 38m,R,7.2,171K,Action
A Bridge Too Far,26000000,50800000,1977,60.6,2h 55m,PG,7.4,57K,Drama
The Mighty Ducks,10000000,50752337,1992,140.3,1h 44m,PG,6.5,67K,Comedy
Elizabethtown,54000000,50719373,2005,195.3,2h 3m,PG-13,6.3,71K,Comedy
Meet Dave,60000000,50648806,2008,215.3,1h 30m,PG,5.1,42K,Adventure
The Deer Hunter,15000000,50065119,1978,65.2,3h 3m,R,8.1,341K,Drama
Major League,11000000,49793054,1989,124,1h 47m,R,7.2,71K,Comedy
Man on a Ledge,42000000,49621440,2012,229.6,1h 42m,PG-13,6.6,154K,Action
A Nightmare on Elm Street 4: The Dream Master,13000000,49369899,1988,118.3,1h 33m,R,5.6,57K,Horror
Scott Pilgrim vs. The World,85000000,49286548,2010,218.1,1h 52m,PG-13,7.5,428K,Action
The Finest Hours,70000000,49252761,2016,240,1h 57m,PG-13,6.7,68K,Action
Breakthrough,14000000,49231674,2019,255.7,1h 56m,PG,6.2,10K,Biography
Death at a Funeral,21000000,48977233,2010,218.1,1h 30m,R,7.3,117K,Comedy
Fat Albert,45000000,48563556,2004,188.9,1h 33m,PG,4.3,12K,Comedy
"Girl, Interrupted",24000000,48308749,1999,166.6,2h 7m,R,7.3,191K,Biography
Her,23000000,48043998,2014,236.7,,,,,
High Fidelity,20000000,47881663,2000,172.2,1h 53m,R,7.4,182K,Comedy
Trouble with the Curve,60000000,47818913,2012,229.6,1h 51m,PG-13,6.8,65K,Drama
Man on the Moon,52000000,47407635,1999,166.6,1h 58m,R,7.4,132K,Biography
The Wedding Date,15000000,47175038,2005,195.3,1h 30m,PG-13,6.1,53K,Comedy
Deck the Halls,51000000,46815807,2006,201.6,1h 33m,PG,5,30K,Comedy
The Debt,20000000,46604054,2011,224.9,1h 53m,R,6.8,70K,Drama
A Monster Calls,43000000,46414530,2016,240,1h 48m,PG-13,7.4,89K,Adventure
Risen,20000000,46244066,2016,240,1h 47m,PG-13,6.3,29K,Action
"McFarland, USA",17000000,45707924,2015,237,2h 9m,PG,7.4,40K,Biography
Early Man,50000000,45285890,2018,251.1,1h 29m,PG,6.1,22K,Animation
Flatliners,20000000,45173738,2017,245.1,1h 49m,PG-13,5.2,48K,Drama
The Duchess,27000000,45160110,2008,215.3,1h 50m,PG-13,6.9,84K,Biography
Lakeview Terrace,20000000,44821299,2008,215.3,1h 50m,PG-13,6.2,53K,Crime
A Nightmare On Elm Street 3: Dream Warriors,5000000,44793222,1987,113.6,1h 36m,R,6.6,83K,Fantasy
One Missed Call,20000000,44513466,2008,215.3,1h 27m,PG-13,4,33K,Horror
The Jungle Book,27000000,44342956,1994,148.2,1h 46m,PG,7.4,279K,Adventure
Child’s Play,9000000,44196684,1988,118.3,1h 27m,R,6.6,105K,Horror
House at the End of the Street,6900000,44103982,2012,229.6,1h 41m,PG-13,5.5,78K,Drama
The Last Emperor,25000000,44005435,1987,113.6,2h 43m,PG-13,7.7,104K,Biography
Semi-Pro,55000000,43980363,2008,215.3,1h 31m,R,5.8,83K,Comedy
The Transporter,21000000,43928932,2002,179.9,1h 32m,PG-13,6.8,306K,Action
The DUFF,8500000,43528634,2015,237,1h 41m,PG-13,6.4,96K,Comedy
Annihilation,55000000,43070915,2018,251.1,1h 55m,R,6.8,329K,Adventure
Escape from Alcatraz,8000000,43000000,1979,72.6,1h 52m,PG,7.6,138K,Action
Almost Christmas,17000000,42493506,2016,240,1h 51m,PG-13,6.1,7.1K,Comedy
The Four Seasons,6500000,42488161,1981,90.9,1h 47m,PG,6.8,4.7K,Comedy
Legend,25000000,42425450,2015,237,2h 12m,R,6.9,185K,Biography
Resident Evil: Welcome to Raccoon City,25000000,41845516,2021,271,1h 47m,R,5.2,55K,Action
Pale Rider,6900000,41410568,1985,107.6,1h 55m,R,7.3,60K,Drama
Ricki and the Flash,18000000,41166033,2015,237,1h 41m,PG-13,6,24K,Comedy
Pee Wee's Big Adventure,7000000,40940662,1985,107.6,1h 31m,PG,7,54K,Adventure
Where the Heart Is,15000000,40862054,2000,172.2,2h,PG-13,6.7,35K,Comedy
Greenland,34000000,40629075,2020,258.8,1h 59m,PG-13,6.4,118K,Action
Fright Night,30000000,40520649,2011,224.9,1h 46m,R,7,73K,Fantasy
The Piano,7000000,40207064,1993,144.5,2h 1m,R,7.5,90K,Drama
I Still Know What You Did Last Summer,24000000,40020622,1998,163,1h 40m,R,4.7,75K,Horror
Blade Runner,28000000,39538663,1982,96.5,2h 44m,R,8,574K,Action
T-34,10000000,39526616,2018,251.1,2h 19m,PG-13,6.7,13K,Action
Whale Rider,4300000,39374600,2003,184,1h 41m,PG-13,7.5,43K,Drama
What's Love Got to Do With It,15000000,39100956,1993,144.5,,,,,Comedy
The Eagle,25000000,38993548,2011,224.9,1h 54m,PG-13,6.2,71K,Action
On Deadly Ground,50000000,38590458,1994,148.2,1h 41m,R,4.6,24K,Action
The Lazarus Effect,5000000,38359310,2015,237,1h 23m,PG-13,5.2,44K,Horror
The Missing,65000000,38253433,2003,184,,PG-13,8.2,27K,Crime
Quest for Camelot,40000000,38172500,1998,163,1h 26m,G,6.2,17K,Animation
The Running Man,30000000,38122000,1987,113.6,1h 41m,R,6.6,155K,Action
For Colored Girls,21000000,38017873,2010,218.1,2h 13m,R,6.2,7.9K,Drama
Suffragette,14000000,37888043,2014,236.7,1h 46m,PG-13,6.9,43K,Drama
Halloween: Resurrection,15000000,37659652,2002,179.9,1h 34m,R,3.9,46K,Horror
The Hills Have Eyes II,15000000,37466538,2007,207.3,1h 29m,R,5.1,65K,Horror
Unhinged,33000000,37339104,2020,258.8,1h 30m,R,6,70K,Action
Broken City,35000000,37114977,2013,233,1h 49m,R,6.1,81K,Action
Kiss of the Dragon,25000000,36833473,2001,177.1,1h 38m,R,6.6,64K,Action
Barfi,4600000,36751984,2012,229.6,2h 31m,Not Rated,8.1,83K,Comedy
Hotel Rwanda,17500000,36520451,2004,188.9,2h 1m,PG-13,8.1,357K,Biography
The Kids Are All Right,4000000,36275469,2010,218.1,1h 46m,R,7,131K,Comedy
Mad Max Beyond Thunderdome,10000000,36230219,1985,107.6,1h 47m,PG-13,6.2,138K,Action
One for the Money,42000000,36197221,2012,229.6,1h 31m,PG-13,5.3,43K,Action
Arthur and the War of Two Worlds,45500000,36180824,2015,237,1h 41m,PG,5.4,9.4K,Animation
The Greatest Show on Earth,4000000,36000000,1952,26.6,2h 32m,PG,6.6,15K,Drama
Miss Potter,30000000,35891257,2006,201.6,1h 28m,PG,7,30K,Biography
Taps,14000000,35856053,1981,90.9,2h 6m,PG,6.7,19K,Drama
Father's Day,85000000,35681080,1997,160.5,1h 39m,Not Rated,5.8,3.1K,Action
Eye in the Sky,13000000,35402802,2016,240,1h 42m,R,7.3,87K,Action
The Skulls,15000000,35007180,2000,172.2,1h 46m,PG-13,5.6,33K,Action
The Life Aquatic with Steve Zissou,50000000,34806726,2004,188.9,1h 59m,R,7.2,199K,Action
Endless Love,20000000,34718173,2014,236.7,1h 56m,R,4.9,8.8K,Drama
Jack Frost,50000000,34645374,1998,163,1h 41m,PG,5.4,38K,Comedy
The Best Man,9000000,34572780,1999,166.6,2h,R,6.7,11K,Comedy
The Usual Suspects,6000000,34449356,1995,152.4,1h 46m,R,8.5,1.1M,Crime
Viy,26000000,34246770,2015,237,2h 10m,Not Rated,5.2,6K,Adventure
Sling Blade,4833610,34175000,1996,156.9,2h 15m,R,8,95K,Drama
Metegol,22000000,34061097,2013,233,1h 25m,PG,6.4,9.8K,Animation
Malignant,40000000,33974421,2021,271,1h 51m,R,6.2,92K,Crime
Lockout,20000000,33943049,2012,229.6,1h 35m,PG-13,6,99K,Action
Nick and Norah's Infinite Playlist,10000000,33886017,2008,215.3,1h 30m,PG-13,6.6,93K,Comedy
Dungeons and Dragons,35000000,33771965,2000,172.2,,,,,Action
Self/Less,26000000,33667319,2015,237,1h 57m,PG-13,6.5,100K,Action
Mystery Men,68000000,33462011,1999,166.6,2h 1m,PG-13,6.1,68K,Action
2016: Obama’s America,2500000,33349941,2012,229.6,1h 27m,PG,4.8,11K,Documentary
Sleepless,30000000,33296659,2017,245.1,1h 45m,PG,6.8,178K,Comedy
The Good Liar,10000000,33209936,2019,255.7,1h 49m,R,6.7,43K,Crime
The Perks of Being a Wallflower,13000000,33069303,2012,229.6,1h 43m,PG-13,7.9,514K,Drama
Fighting,25000000,32831707,2009,214.5,1h 48m,PG-13,7.1,82K,Biography
Katy Perry: Part of Me,12000000,32700439,2012,229.6,1h 33m,PG,5.9,14K,Documentary
Nobody’s Fool,19000000,32589493,2018,251.1,1h 50m,R,7.3,21K,Comedy
The Lost Boys,8500000,32393651,1987,113.6,1h 37m,R,7.2,146K,Comedy
The Seeker: The Dark is Rising,45000000,31852619,2007,207.3,1h 39m,PG,4.7,16K,Adventure
The Muppet Christmas Carol,12000000,31724550,1992,140.3,1h 25m,G,7.7,61K,Comedy
Premium Rush,35000000,31393201,2012,229.6,1h 31m,PG-13,6.5,115K,Action
An Ideal Husband,10700000,31341183,1999,166.6,1h 37m,PG-13,6.8,16K,Comedy
Lost Souls,28000000,31320293,2000,172.2,1h 37m,R,4.8,11K,Drama
Spring Breakers,5000000,31149251,2013,233,1h 34m,R,5.3,143K,Crime
Love in the Time of Cholera,45000000,31077418,2007,207.3,2h 19m,R,6.4,23K,Drama
The Water Diviner,22500000,31054727,2014,236.7,1h 51m,R,7,76K,Drama
The Princess Bride,15000000,31046220,1987,113.6,1h 38m,PG,8,429K,Adventure
Happy Family,30000000,30809023,2017,245.1,1h 33m,PG,4.8,5K,Animation
The Unholy,10000000,30792024,2021,271,1h 39m,PG-13,5.1,22K,Drama
An American Haunting,14000000,30443277,2006,201.6,1h 23m,PG-13,5,26K,Drama
The Great Debaters,15000000,30261293,2007,207.3,2h 6m,PG-13,7.5,60K,Biography
When the Game Stands Tall,15000000,30138912,2014,236.7,1h 55m,PG,6.6,16K,Biography
New in Town,8000000,29937909,2009,214.5,1h 37m,PG,5.6,24K,Comedy
Mandela: Long Walk to Freedom,35000000,29890402,2013,233,2h 21m,PG-13,7.1,28K,Biography
Far from the Madding Crowd,15495600,29729450,2015,237,1h 59m,PG-13,7.1,50K,Drama
The Pledge,45000000,29406132,2001,177.1,,R,6.8,60K,
Double Impact,16000000,29090445,1991,136.2,1h 50m,R,5.6,42K,Action
Far From Heaven,13500000,29027914,2002,179.9,1h 47m,PG-13,7.3,47K,Drama
Wolf Creek,1100000,29005064,2005,195.3,1h 39m,R,6.2,74K,Horror
Yu-Gi-Oh,20000000,28715003,2004,188.9,,,7.3,22K,Animation
Wrong Turn,10000000,28649556,2003,184,1h 24m,R,6.1,122K,Horror
Go!,6500000,28383441,1999,166.6,,,,,
A Single Man,7000000,28142379,2009,214.5,1h 39m,R,7.5,113K,Drama
Air Bud,3000000,27788649,1997,160.5,1h 38m,PG,5.3,18K,Comedy
Nurse Betty,24000000,27732366,2000,172.2,1h 50m,R,6.3,35K,Comedy
The Island of Dr. Moreau,40000000,27682712,1996,156.9,1h 36m,PG-13,4.5,34K,Horror
Dune,45000000,27503491,1984,103.9,2h 35m,PG-13,8,632K,Action
Ramona and Beezus,15000000,27469621,2010,218.1,1h 43m,G,6.5,19K,Comedy
Monsoon Wedding,1200000,27025600,2002,179.9,1h 54m,R,7.3,26K,Comedy
Rendition,27500000,26939925,2007,207.3,2h 2m,R,6.8,56K,Drama
Tron,17000000,26919100,1982,96.5,2h 5m,PG,6.8,339K,Action
You're Next,1000000,26887177,2013,233,1h 35m,R,6.6,101K,Horror
One True Thing,30000000,26708196,1998,163,2h 7m,R,6.9,12K,Drama
The Texas Chainsaw Massacre,140000,26572439,1974,49.3,1h 38m,R,6.2,145K,Crime
Harriet the Spy,13000000,26570048,1996,156.9,1h 40m,PG,5.9,10K,Comedy
Emma.,10000000,26448182,2020,258.8,,,,,
The Whole Ten Yards,30000000,26323969,2004,188.9,1h 38m,PG-13,5.4,57K,Comedy
Les Couloirs du temps: Les visiteurs 2,20000000,26146072,1998,163,1h 58m,G,6.1,12K,Comedy
Do the Right Thing,6000000,26051502,1989,124,2h,R,7.9,103K,Comedy
Top Five,12000000,26001741,2014,236.7,1h 42m,R,6.4,27K,Comedy
Saving Silverman,22000000,25873142,2001,177.1,1h 30m,PG-13,5.8,41K,Comedy
Our Idiot Brother,5000000,25861249,2011,224.9,1h 30m,R,6.4,89K,Comedy
From Dusk Till Dawn,20000000,25736162,1996,156.9,1h 48m,R,7.2,317K,Action
Escape from L.A.,50000000,25426861,1996,156.9,1h 41m,R,5.7,76K,Action
Whiskey Tango Foxtrot,35000000,25350747,2016,240,1h 52m,R,6.6,53K,Biography
Big Miracle,40000000,25268680,2012,229.6,1h 47m,PG,6.5,20K,Biography
Wyatt Earp,63000000,25052000,1994,148.2,3h 11m,PG-13,6.7,52K,Action
Mad Money,22000000,25044057,2008,215.3,1h 44m,PG-13,5.8,22K,Comedy
Some Like it Hot,2883848,25038874,1959,29.2,2h 1m,PG,8.2,268K,Comedy
Booksmart,6000000,24948141,2019,255.7,1h 42m,R,7.1,121K,Comedy
The Apartment,3000000,24599998,1960,29.6,2h 5m,PG,8.3,183K,Comedy
Punch-Drunk Love,25000000,24591031,2002,179.9,1h 35m,R,7.3,167K,Comedy
Renaissance Man,40000000,24172899,1994,148.2,2h 8m,PG-13,6.2,18K,Comedy
Wanderlust,32500000,24159934,2012,229.6,1h 38m,R,5.6,78K,Comedy
The Adventures of Huck Finn,6500000,24103594,1993,144.5,1h 48m,PG,6.2,8.8K,Adventure
Youth,13000000,24001573,2015,237,2h 4m,R,7.3,79K,Comedy
Virtuosity,30000000,23998226,1995,152.4,1h 46m,R,5.5,31K,Action
Hunt for the Wilderpeople,2500000,23900842,2016,240,1h 41m,PG-13,7.8,132K,Adventure
The Marksman,23000000,23855847,2021,271,1h 48m,PG-13,5.6,35K,Action
Race,5000000,23745772,2016,240,2h 14m,PG-13,7.1,38K,Biography
Wish Upon,12000000,23477345,2017,245.1,1h 30m,PG-13,5,21K,Drama
CHiPS,25000000,23190292,2017,245.1,,PG,6.4,10K,Crime
Lola rennt,1750000,22879194,1999,166.6,1h 20m,R,7.7,200K,Action
The Glass House,22000000,22861785,2001,177.1,1h 46m,PG-13,5.8,38K,Crime
Le Scaphandre et le Papillon,14000000,22754472,2007,207.3,1h 52m,PG-13,8,108K,Biography
Rudy,12000000,22750363,1993,144.5,1h 54m,PG,7.5,65K,Biography
Bullet to the Head,55000000,22597969,2013,233,1h 32m,R,5.7,51K,Action
Two Can Play That Game,13000000,22391450,2001,177.1,1h 30m,R,6,7K,Comedy
Late Night,4000000,22373378,2019,255.7,1h 42m,R,6.5,38K,Comedy
The Marine,15000000,22165608,2006,201.6,,,,,
Three Kingdoms: Resurrection of the Dragon,20000000,22139590,2010,218.1,1h 42m,R,6.1,6.5K,Action
Fifty Shades of Black,5000000,22113075,2016,240,1h 32m,R,3.5,22K,Comedy
The Medallion,41000000,22108977,2003,184,1h 28m,PG-13,5.2,42K,Action
The Man with the Iron Fists,15000000,22018988,2012,229.6,1h 35m,R,5.4,63K,Action
Black or White,9000000,21971021,2015,237,2h 1m,PG-13,6.6,13K,Drama
Friday the 13th Part V: A New Beginning,2200000,21930418,1985,107.6,1h 32m,R,4.7,40K,Horror
Reno 911!: Miami,10000000,21851362,2007,207.3,1h 24m,R,5.9,27K,Comedy
Little Voice,6000000,21787233,1998,163,,R,7.2,2.5K,Comedy
Proud Mary,30000000,21709539,2018,251.1,1h 29m,R,5,10K,Action
White Oleander,16000000,21657770,2002,179.9,1h 49m,PG-13,7.1,33K,Drama
Wicker Park,30000000,21577076,2004,188.9,1h 54m,PG-13,6.9,57K,Drama
The Right Stuff,27000000,21500213,1983,99.6,3h 13m,PG,7.8,62K,Adventure
A Haunted House 2,4000000,21206861,2014,236.7,1h 26m,R,4.6,22K,Comedy
ATL,17000000,21170563,2006,201.6,1h 45m,PG-13,6.1,12K,Comedy
A Room with a View,3000000,21042007,1986,109.6,1h 57m,Not Rated,7.2,44K,Drama
Super Mario Bros.,42000000,20844907,1993,144.5,,PG,,,Animation
A Thousand Words,40000000,20790486,2012,229.6,1h 31m,PG-13,5.8,43K,Comedy
Alex Rider: Operation Stormbreaker,40000000,20722450,2006,201.6,1h 33m,PG,5.1,25K,Action
The Photograph,15000000,20704381,2020,258.8,1h 46m,PG-13,6.1,5.7K,Drama
Country Strong,15000000,20601987,2010,218.1,1h 57m,PG-13,6.3,18K,Drama
Barry Lyndon,11000000,20169934,1905,,3h 5m,PG,8.1,169K,Adventure
Down to You,9000000,20035310,2000,172.2,1h 31m,PG-13,5,15K,Comedy
Un Prophète,13000000,19910624,2010,218.1,2h 35m,R,7.8,99K,Crime
Neuilly Sa Mère,8200000,19637575,,,,,,,Comedy
Get Carter,40000000,19417182,2000,172.2,1h 52m,R,7.3,34K,Action
Rock Star,38000000,19317765,2001,177.1,1h 45m,R,6.3,44K,Drama
Foxcatcher,24000000,19303058,2014,236.7,2h 14m,R,7,144K,Biography
Michael Jordan to the MAX,7000000,19276267,2000,172.2,46m,Not Rated,7.4,2.3K,Documentary
The Visitor,4000000,19174817,2008,215.3,,,,,Drama
Friday the 13th Part VII: The New Blood,2800000,19170001,1988,118.3,1h 28m,R,5.2,38K,Horror
The World's Fastest Indian,25000000,18991288,2005,195.3,2h 7m,PG-13,7.8,56K,Biography
Under the Rainbow,20000000,18826490,1981,90.9,1h 38m,PG,5.3,2.8K,Comedy
The Quick and the Dead,32000000,18552460,1995,152.4,1h 48m,R,6.5,96K,Action
[Rec] 2,5600000,18527766,2010,218.1,,,,,Short
The Curse of the Jade Scorpion,26000000,18496522,2001,177.1,1h 43m,PG-13,6.7,41K,Comedy
Ladyhawke,20000000,18400000,1985,107.6,2h 1m,PG-13,6.9,48K,Adventure
Sleeper,2000000,18344729,1973,44.4,1h 29m,PG,7.1,43K,Comedy
Sorry to Bother You,3200000,18285560,2018,251.1,1h 52m,R,6.9,81K,Comedy
Friends with Money,6500000,18110152,2006,201.6,1h 28m,R,5.8,31K,Comedy
The Lobster,4500000,18019834,2015,237,1h 59m,R,7.1,258K,Drama
Swing Vote,21000000,17589867,2008,215.3,2h,PG-13,6.1,19K,Comedy
Rebound,45000000,17492014,2005,195.3,1h 35m,R,6.3,49K,Comedy
Beneath the Planet of the Apes,3000000,17489009,1970,38.8,1h 35m,G,6,48K,Action
Roll Bounce,10000000,17433072,2005,195.3,1h 52m,PG-13,6.2,7.5K,Comedy
Kingdom of the Spiders,500000,17000000,1905,,1h 37m,PG,5.7,5.5K,Horror
Godsend,30000000,16873925,2004,188.9,1h 42m,PG-13,4.8,26K,Action
My Soul to Take,25000000,16727470,2010,218.1,1h 47m,R,4.7,21K,Horror
Elle,9100000,16517708,2016,240,,,,,
Forever My Girl,3500000,16376066,2018,251.1,1h 48m,PG,6.6,18K,Comedy
Unforgettable,12000000,16221211,2016,240,,PG-13,6.8,20K,Crime
O (Othello),5000000,16017403,2001,177.1,1h 35m,R,6.1,21K,Drama
The Ice Storm,18000000,16011975,1997,160.5,1h 52m,R,7.4,57K,Drama
The Conspirator,25000000,15907411,2011,224.9,2h 2m,PG-13,6.9,29K,Crime
The Last Station,18000000,15696146,2010,218.1,1h 52m,R,6.9,19K,Biography
Les gamins,9000000,15660664,2013,233,,,,,Comedy
Shanghai,50000000,15505922,2012,229.6,1h 54m,PG-13,6.2,108K,Action
The Jacket,28500000,15452978,2005,195.3,1h 43m,R,7.1,115K,Drama
Reminiscence,67972729,15449322,2021,271,1h 56m,PG-13,5.9,57K,Mystery
The Assassination of Jesse James by the Coward …,30000000,15313631,2007,207.3,2h 40m,R,7.5,183K,Biography
The Corruptor,10000000,15164492,1999,166.6,1h 50m,R,6,19K,Action
Chasing Amy,250000,15155095,1997,160.5,1h 53m,R,,139K,Comedy
Io sono l’amore,10000000,15121528,2010,218.1,2h,R,7,23K,Drama
The Egyptian,5000000,15000000,1954,26.9,2h 19m,PG-13,6.5,4.1K,Drama
Obitaemyy ostrov,36500000,15000000,,,1h 55m,PG,5.1,5.6K,Action
Kiss of Death,40000000,14942422,1995,152.4,1h 39m,R,7.4,8.6K,Crime
Inherent Vice,20000000,14744495,2014,236.7,2h 28m,R,6.6,106K,Comedy
Zarafa,9100000,14709816,2012,229.6,1h 18m,PG,6.9,1.8K,Animation
Red Lights,17700000,14518884,2012,229.6,1h 54m,R,6.2,62K,Drama
Woodlawn,13000000,14403891,2015,237,2h 3m,PG,6.4,7.4K,Biography
Trapeze,4000000,14400000,1956,27.2,1h 45m,PG,6.8,4.8K,Drama
Ratchet and Clank,20000000,14365639,2016,240,1h 34m,PG,5.5,11K,Animation
Unsane,1500000,14296709,2018,251.1,1h 38m,R,6.4,47K,Drama
Ballistic: Ecks vs. Sever,70000000,14294842,2002,179.9,1h 31m,R,3.6,20K,Action
The Return of the Living Dead,4000000,14238634,1985,107.6,1h 31m,R,7.3,63K,Comedy
Buffy the Vampire Slayer,7000000,14231669,1992,140.3,,PG-13,8.3,148K,Action
Little Children,14000000,14121177,2006,201.6,2h 17m,R,7.5,113K,Drama
Poltergeist III,9500000,14114000,1988,118.3,1h 38m,PG,4.6,19K,Horror
Waltz with Bashir,2000000,13912289,2008,215.3,1h 30m,R,8,58K,Documentary
The Man Who Knew Too Little,20000000,13801755,1997,160.5,1h 34m,PG,6.6,33K,Comedy
Highlander: The Final Dimension,26000000,13738574,1995,152.4,1h 39m,PG-13,4.4,21K,Action
The Ladies Man,11000000,13719474,2000,172.2,1h 24m,R,5.2,13K,Comedy
The Little Vampire,22000000,13560782,2000,172.2,1h 35m,PG,5.7,11K,Adventure
Tomcats,11000000,13558739,2001,177.1,1h 35m,R,5.3,19K,Comedy
The History Boys,3700000,13447998,2006,201.6,1h 49m,R,6.8,21K,Comedy
The Lords of Dogtown,25000000,13424365,2005,195.3,1h 47m,PG-13,7.1,56K,Biography
Trumbo,15000000,13300181,2015,237,2h 4m,R,7.4,82K,Biography
The Personal History of David Copperfield,15600000,13207442,2020,258.8,1h 59m,PG,6.4,20K,Comedy
I Think I Love My Wife,14000000,13205411,2007,207.3,1h 30m,R,5.5,17K,Comedy
Trener,6250000,13201162,2018,251.1,,,,,Drama
To Kill A Mockingbird,2000000,13129846,1962,30.3,2h 9m,PG,8.3,318K,Crime
Angela's Ashes,25000000,13038660,1999,166.6,2h 25m,R,7.3,22K,Biography
The Crew,23000000,13019253,2000,172.2,,PG-13,6.5,5.8K,Comedy
They Live,4000000,13000774,1988,118.3,1h 34m,R,7.2,132K,Action
Lone Star,5000000,12961389,1996,156.9,,PG-13,7.1,15K,Action
April Fool's Day,5000000,12947763,1986,109.6,1h 29m,R,6.1,17K,Horror
The Other Side of the Door,5000000,12905107,2016,240,1h 36m,R,5.3,18K,Horror
Highlander,16000000,12900000,1986,109.6,1h 56m,R,7.1,137K,Action
The Current War: Director’s Cut,30000000,12869755,2019,255.7,1h 42m,PG-13,6.5,28K,Biography
Mystic Pizza,6000000,12793213,1988,118.3,1h 44m,R,6.3,30K,Comedy
The Many Saints of Newark,50000000,12732039,2021,271,2h,R,6.3,55K,Crime
Street Fighter: The Legend of Chun-Li,50000000,12660287,2009,214.5,1h 36m,PG-13,3.7,24K,Action
Extreme Ops,40000000,12624471,2002,179.9,1h 33m,PG-13,4.4,5.6K,Action
Come Play,9000000,12624174,2020,258.8,1h 36m,PG-13,5.7,14K,Drama
PMC: deo beong-keo,10300000,12478635,2018,251.1,1h 59m,Not Rated,5.4,1.3K,Action
Mambo Italiano,5500000,12399772,2003,184,1h 39m,R,6.7,6.8K,Comedy
The Andromeda Strain,6500000,12376563,1971,40.5,2h 11m,G,7.2,38K,Mystery
Dark Blue,15000000,12262065,2003,184,1h 58m,R,6.6,23K,Crime
Whiteout,35000000,12254746,2009,214.5,1h 41m,R,5.5,39K,Action
Stoker,12000000,12034913,2013,233,1h 39m,R,6.8,110K,Drama
The Great Escape,4000000,11972799,1963,30.6,2h 52m,PG,8.2,246K,Adventure
The Rules of Attraction,4000000,11799060,2002,179.9,1h 50m,R,6.6,52K,Comedy
Seeking a Friend for the End of the World,10000000,11766959,2012,229.6,1h 41m,R,6.7,115K,Adventure
Layer Cake,6500000,11745931,2005,195.3,1h 45m,R,7.3,184K,Action
3 Ninjas Kick Back,20000000,11744960,1994,148.2,1h 33m,PG,4.5,9.4K,Action
What the #$'! Do We Know,4000000,11704768,2004,188.9,,R,8.6,79K,Comedy
Dum Maaro Dum,5200000,11633427,2011,224.9,2h 8m,R,6.2,4.1K,Action
The Cookout,16000000,11540112,2004,188.9,1h 37m,PG-13,3.8,3.1K,Comedy
Tsotsi,3000000,11537539,2006,201.6,1h 34m,R,7.2,29K,Crime
Turbulence,55000000,11532774,1997,160.5,1h 40m,R,4.9,12K,Action
Shut In,10000000,11360665,2016,240,1h 29m,R,5.8,8.8K,Thriller
The Florida Project,2000000,11275645,2017,245.1,1h 51m,R,7.6,116K,Drama
Son of Rambow: A Home Movie,2000000,11263263,2008,215.3,,Not Rated,7.9,1.8K,Short
Overdrive,30000000,11247280,2017,245.1,1h 33m,PG-13,5.3,15K,Action
Before Sunset,2000000,11217346,2004,188.9,1h 20m,R,8.1,266K,Drama
La Tourneuse de Pages,3400000,11182908,2007,207.3,1h 25m,Not Rated,7,7.2K,Drama
Brokedown Palace,25000000,11115766,1999,166.6,1h 40m,PG-13,6.4,23K,Drama
Krush Groove,3000000,11052713,1985,107.6,1h 37m,R,6.4,3.3K,Comedy
Jonah Hex,47000000,11022696,2010,218.1,1h 21m,PG-13,4.7,60K,Action
The Birth of a Nation,110000,11000000,1915,10.1,3h 15m,PG,6.2,25K,Drama
Turning Red,175000000,10964971,2022,294.4,1h 40m,PG,7,121K,Animation
You Can Count on Me,1200000,10827356,2000,172.2,1h 51m,R,7.5,30K,Drama
It’s a Wonderful Life,3180000,10822901,1946,19.5,2h 10m,PG,8.6,458K,Drama
The Savages,9000000,10642023,2007,207.3,1h 53m,R,7.1,38K,Comedy
Drop Dead Gorgeous,10000000,10571408,1999,166.6,1h 37m,PG-13,6.6,38K,Comedy
Three to Tango,20000000,10570375,1999,166.6,1h 38m,PG-13,6,19K,Comedy
Casablanca,1039000,10526173,1943,17.3,1h 42m,PG,8.5,573K,Drama
Steamboy,20000000,10468867,2004,188.9,2h 6m,PG-13,6.8,18K,Animation
Moby Dick,4500000,10412402,1956,27.2,1h 56m,Not Rated,7.3,20K,Adventure
Head Over Heels,14000000,10397365,2001,177.1,1h 32m,PG,6.9,1.3K,Comedy
Town & Country,105000000,10364769,2001,177.1,1h 44m,R,4.5,5K,Comedy
Oddball,7000000,10338919,2015,237,1h 35m,PG,6.4,3K,Adventure
I Got the Hook-Up!,3500000,10317779,1998,163,1h 33m,R,4,2.3K,Comedy
Godzilla 2000,1000000,10037390,2000,172.2,1h 39m,PG,6,8.5K,Action
Hud,2500000,10000000,1963,30.6,1h 52m,PG,7.8,22K,Drama
Matilda,25000000,9755282,1996,156.9,1h 42m,PG,6.9,155K,Comedy
Conquest of the Planet of the Apes,1700000,9700000,1972,41.8,1h 28m,PG,6.1,33K,Action
The Libertine,22000000,9448623,2005,195.3,1h 54m,R,6.2,37K,Biography
20th Century Women,7000000,9353729,2016,240,1h 59m,R,7.3,46K,Comedy
Martian Child,27000000,9352089,2007,207.3,1h 46m,PG,6.7,21K,Comedy
Kissing Jessica Stein,1500000,9345061,2002,179.9,1h 37m,R,6.6,17K,Comedy
Denial,10000000,9263940,2016,240,1h 49m,PG-13,6.7,22K,Biography
Sztuka kochania. Historia Michaliny Wislockiej,1300000,9261982,2017,245.1,,,,,Biography
Red River,3000000,9012000,1948,24,2h 13m,PG,7.8,32K,Drama
Beyond the Valley of the Dolls,1000000,9000000,1970,38.8,1h 49m,,6.1,11K,Comedy
The Inkwell,8000000,8864699,1994,148.2,1h 50m,R,6.3,1.5K,Comedy
Borg vs McEnroe,7500000,8824873,2017,245.1,1h 47m,R,6.9,33K,Biography
Battle for the Planet of the Apes,1800000,8800000,1905,,1h 33m,G,5.4,32K,Action
Stronger,30000000,8786287,2017,245.1,1h 59m,R,6.9,46K,Biography
The Rocker,15000000,8767338,2008,215.3,1h 42m,PG-13,6.2,39K,Comedy
Whatever it Takes,15000000,8735529,2000,172.2,1h 34m,PG-13,5.5,11K,Comedy
Girl,1750000,8719182,2018,251.1,1h 28m,,6.3,12K,Crime
The Last Temptation of Christ,7000000,8373585,1988,118.3,2h 44m,R,7.5,58K,Drama
Bon Voyage,20000000,8359720,2004,188.9,,,,2K,Reality-TV
Beyond the Sea,24000000,8292914,2004,188.9,1h 58m,PG-13,6.7,15K,Biography
Hard Candy,950000,8267066,2006,201.6,1h 44m,R,7,162K,Drama
La véritable histoire du Chat Botté,25000000,8208594,2011,224.9,1h 20m,G,3,1.1K,Animation
Funny Games,15000000,8200127,2008,215.3,1h 51m,R,6.5,98K,Crime
A Streetcar Named Desire,1800000,8006845,1951,26,2h 2m,PG,7.9,109K,Drama
Robin and Marian,5000000,8000000,1976,56.9,1h 46m,PG,6.5,13K,Adventure
High Noon,730000,8000000,1952,26.6,1h 25m,PG,8,105K,Drama
Nowhere Boy,1900000,7785229,2010,218.1,1h 38m,R,7.1,37K,Biography
Dheepan,9000000,7704357,2015,237,1h 55m,R,7.2,16K,Crime
The Jerky Boys,4000000,7555256,1995,152.4,1h 22m,R,4.7,2.7K,Comedy
Genius,17000000,7265283,2016,240,,PG-13,8.2,19K,Biography
Let There Be Light,3000000,7241309,2017,245.1,1h 40m,PG-13,4.4,2.9K,Drama
Under the Skin,13300000,7229933,2014,236.7,1h 48m,R,6.3,146K,Drama
Birth of the Dragon,31000000,7220490,2017,245.1,1h 35m,PG-13,5.6,8.4K,Action
The Adventures of Pluto Nash,100000000,7094995,2002,179.9,1h 35m,PG-13,3.8,26K,Action
Judas and the Black Messiah,26000000,7053949,2021,271,2h 6m,R,7.4,81K,Biography
The Prisoner of Zenda,12500000,7000000,1979,72.6,1h 41m,PG,5.1,4.7K,Adventure
Screwed,12000000,6982680,2000,172.2,1h 36m,Not Rated,4.4,365,Comedy
The Awakening,4900000,6924321,2012,229.6,1h 42m,R,6.4,67K,Drama
Truth,9600000,6842580,2015,237,,R,7.1,13K,Crime
Bran Nue Dae,6750000,6812530,2010,218.1,1h 25m,PG-13,6.2,1.9K,Comedy
Hang 'em High,1800000,6800000,1968,34.8,1h 54m,R,7,40K,Drama
Tulip Fever,25000000,6792768,2017,245.1,1h 45m,R,6.2,22K,Drama
The Forsaken,5000000,6755271,2001,177.1,1h 30m,R,5.3,8.9K,Action
Chempion mira,7000000,6739989,2021,271,,,,,Drama
Copying Beethoven,11000000,6586324,2006,201.6,1h 44m,PG-13,6.7,14K,Biography
A Journal for Jordan,25000000,6537543,2021,271,2h 11m,PG-13,5.9,2.1K,Drama
Lucky You,55000000,6521829,2007,207.3,2h 4m,PG-13,5.9,21K,Drama
The Good Thief,30000000,6460758,2003,184,1h 49m,R,6.5,11K,Action
Same Kind of Different as Me,6500000,6425632,2017,245.1,1h 59m,PG-13,6.6,8.3K,Biography
The Professor and the Madman,25000000,6353847,2019,255.7,2h 4m,Not Rated,7.2,47K,Biography
Dick,13000000,6276869,1999,166.6,,,,,
UHF,5000000,6157157,1989,124,1h 37m,PG-13,6.9,29K,Comedy
The Border,13500000,6118683,1982,96.5,1h,,7.1,893,Action
Dragonslayer,18000000,6000000,1981,90.9,1h 49m,PG,6.6,18K,Action
Le fils de l’autre,2700000,5969923,2012,229.6,1h 45m,PG-13,7.3,3.7K,Drama
Severance,10000000,5950002,2007,207.3,,R,8.7,119K,Drama
Evil Dead II,3500000,5927557,1987,113.6,1h 24m,R,7.7,167K,Comedy
Light It Up,13000000,5871603,1999,166.6,1h 39m,R,6,3.8K,Drama
Destroyer,9000000,5865489,2018,251.1,2h 1m,R,6.2,30K,Action
Catch a Fire,14000000,5782198,2006,201.6,1h 41m,PG-13,6.7,11K,Biography
Sheena,25000000,5778353,1984,103.9,1h 57m,PG,4.8,5.2K,Adventure
Get on the Bus,2400000,5691854,1996,156.9,2h,R,6.9,5.8K,Adventure
The Sun is Also a Star,9000000,5680910,2019,255.7,1h 40m,PG-13,5.9,7.6K,Drama
Underclassman,25000000,5654777,2005,195.3,1h 35m,PG-13,4.3,5.8K,Action
Once Upon a Time in America,30000000,5576072,1984,103.9,3h 49m,R,8.3,353K,Crime
Say It Isn't So,25000000,5516708,2001,177.1,1h 35m,R,5,13K,Comedy
Tucker & Dale vs. Evil,5000000,5476378,2011,224.9,1h 29m,R,7.5,182K,Comedy
Virgin Territory,38000000,5473041,2008,215.3,1h 37m,R,4.7,8.2K,Adventure
The Killer Inside Me,13000000,5453369,2010,218.1,1h 49m,R,6.1,35K,Crime
Martha Marcy May Marlene,1000000,5438911,2011,224.9,1h 42m,R,6.8,54K,Drama
Diary of the Dead,2750000,5394447,2008,215.3,1h 35m,R,5.5,48K,Fantasy
Once Upon a Time in the West,5000000,5380513,1969,36.7,2h 45m,PG-13,8.5,330K,Western
Wild Target,8000000,5314194,2010,218.1,1h 38m,PG-13,6.7,39K,Action
The Proposition,20000000,5313608,2006,201.6,1h 44m,R,7.3,53K,Crime
The House of Mirth,10000000,5149131,2000,172.2,,R,8.5,278K,Action
Hands of Stone,20000000,5031975,2016,240,1h 51m,R,6.6,17K,Biography
Invaders from Mars,12000000,4984663,1986,109.6,1h 40m,PG,5.5,9.5K,Horror
Take Shelter,4750000,4972016,2011,224.9,2h,R,7.3,102K,Drama
Hamlet 2,9000000,4934104,2008,215.3,1h 32m,R,6.3,17K,Comedy
Galaxina,5500000,4865000,1980,82.4,1h 35m,R,3.6,3.1K,Comedy
Rize,700000,4857731,2005,195.3,1h 26m,PG-13,7.1,3.3K,Documentary
90 Minutes in Heaven,5000000,4816142,2015,237,2h 1m,PG-13,4.8,4.1K,Drama
A Walk on the Moon,14000000,4741987,1999,166.6,1h 47m,R,6.6,8.8K,Drama
Pi,68000,4678513,1998,163,1h 57m,PG,7.8,40K,Animation
The Last Black Man in San Francisco,3000000,4637842,2019,255.7,2h 1m,R,7.3,20K,Drama
River's Edge,1900000,4600000,1987,113.6,1h 39m,R,6.9,19K,Crime
"Don’t Worry, He Won’t Get Far on Foot",3500000,4522504,2018,251.1,1h 54m,R,6.8,28K,Biography
Flawless,27000000,4485485,1999,166.6,1h 48m,PG-13,6.7,25K,Crime
Safety Not Guaranteed,750000,4422318,2012,229.6,1h 26m,R,6.9,127K,Adventure
Inchon,46000000,4408636,1982,96.5,2h 20m,PG,2.8,804,Drama
Simply Irresistible,6000000,4398989,1999,166.6,1h 36m,PG-13,5.2,14K,Comedy
Brian Banks,10000000,4376820,2019,255.7,1h 39m,PG-13,7.2,7.5K,Biography
Solitary Man,12500000,4360548,2010,218.1,1h 30m,R,6.3,17K,Comedy
Bogus,32000000,4357406,1996,156.9,1h 50m,PG,5.3,6.8K,Comedy
Velvet Goldmine,9000000,4313644,1998,163,1h 58m,R,6.9,36K,Drama
Flipped,14000000,4294635,2010,218.1,1h 30m,PG,7.7,91K,Comedy
Glitter,8500000,4273372,2001,177.1,,R,5.4,174,Drama
Men with Brooms,7500000,4239767,2002,179.9,1h 42m,R,5.9,4.6K,Comedy
The Gospel of John,11000000,4234355,2003,184,3h,PG-13,7.7,3.9K,Biography
Witless Protection,7500000,4151836,2008,215.3,1h 37m,PG-13,3.4,6.4K,Comedy
Kama Sutra,3000000,4109095,1997,160.5,1h 54m,Not Rated,6,11K,Crime
Flood,24000000,4084232,,,,,,,Action
Stone,22000000,4065020,2010,218.1,,,,,
Willy Wonka & the Chocolate Factory,3000000,4060635,1971,40.5,1h 40m,G,7.8,204K,Family
The Paperboy,12500000,4027663,2012,229.6,1h 47m,R,5.7,38K,Crime
There Be Dragons,36000000,4020990,2011,224.9,2h 2m,PG-13,5.7,4.8K,Biography
You Can't Take It With You,1644000,4000000,1938,14.1,2h 6m,G,7.8,26K,Comedy
Escobar: Paradise Lost,17000000,3917679,2015,237,2h,R,6.5,23K,Crime
You Kill Me,4000000,3858964,2007,207.3,1h 33m,R,6.4,19K,Comedy
Sgt. Stubby: An American Hero,25000000,3823620,2018,251.1,1h 24m,PG,6.9,2.3K,Animation
Better Luck Tomorrow,250000,3809226,2003,184,1h 41m,R,7,10K,Crime
By the Sea,20000000,3727746,2015,237,2h 17m,R,7.8,284K,Drama
Machine Gun Preacher,30000000,3721988,2011,224.9,2h 9m,R,6.7,67K,Action
BloodRayne,25000000,3711633,2006,201.6,1h 35m,R,2.9,36K,Action
Thirteen Conversations About One Thing,3000000,3705923,2002,179.9,1h 44m,R,7,11K,Drama
Bathing Beauty,2361000,3500000,1944,17.6,1h 41m,G,6.4,1.7K,Comedy
Thoroughbreds,5000000,3474221,2018,251.1,1h 32m,R,6.6,44K,Comedy
Riding Giants,2600000,3292333,2004,188.9,1h 45m,PG-13,7.8,4.5K,Documentary
Tadpole,150000,3270128,2002,179.9,1h 18m,PG-13,6.2,6.1K,Comedy
Rosewater,10000000,3185717,2014,236.7,1h 43m,R,6.6,11K,Biography
The East,6500000,3027956,2013,233,2h 17m,PG-13,6.9,51K,Drama
Metropolitan,430000,2938000,1990,130.7,1h 38m,PG-13,7.3,12K,Comedy
Cradle Will Rock,32000000,2899970,1999,166.6,2h 12m,R,6.8,9.3K,Drama
The White Countess,16000000,2814566,2005,195.3,2h 15m,PG-13,6.5,6.8K,Drama
Bronson,230000,2703762,2009,214.5,1h 32m,R,7,133K,Action
Bobby Jones: Stroke of Genius,17000000,2694071,2004,188.9,2h,PG,6.6,4K,Biography
No Man's Land,1000000,2684207,2001,177.1,1h 46m,R,6.1,5K,Crime
Hillsong: Let Hope Rise,10000000,2678525,2016,240,1h 43m,PG,6.1,891,Documentary
Limbo,8300000,2598224,1999,166.6,,,,,Drama
LBJ,20000000,2507181,2017,245.1,1h 38m,R,6.5,7K,Biography
After.Life,4500000,2481925,2010,218.1,1h 44m,R,5.9,39K,Drama
And When Did You Last See Your Father?,8000000,2476491,2008,215.3,1h 32m,PG-13,6.8,4.5K,Biography
What Just Happened,27000000,2412123,2008,215.3,1h 44m,R,5.6,28K,Comedy
The Informer,60000000,2366073,2019,255.7,1h 53m,R,6.6,38K,Action
Extinction,20000000,2360000,2018,251.1,1h 35m,R,5.8,54K,Action
American Heist,10000000,2341218,2015,237,1h 34m,R,5,17K,Action
Repo Man,1500000,2300000,1984,103.9,1h 32m,R,6.9,38K,Action
Sweet Country,4000000,2291545,2017,245.1,1h 53m,R,6.9,8.7K,Adventure
Clay Pigeons,8000000,2256606,1998,163,1h 44m,R,6.6,12K,Comedy
DysFunkTional Family,3000000,2255000,2003,184,1h 29m,R,6.5,888,Comedy
My All-American,20000000,2246000,2015,237,1h 58m,PG,7.1,6.8K,Biography
George Balanchine\'s The Nutcracker,19000000,2119994,2011,224.9,1h 32m,G,5.8,2.2K,Family
Mallrats,6100000,2108367,1995,152.4,1h 34m,R,7,124K,Comedy
Slow West,3750000,2089072,2015,237,1h 24m,R,6.9,46K,Action
Strangers with Candy,2000000,2077844,2006,201.6,,PG-13,8.1,6.2K,Comedy
Greater,9000000,2000093,2016,240,2h 10m,PG,7.3,6.4K,Biography
Thumbsucker,4000000,1919197,2005,195.3,1h 36m,R,6.5,22K,Comedy
Profile,2300000,1838205,2021,271,1h 46m,R,6.7,4.9K,Mystery
Tu Xia Chuan Qi,12000000,1828400,2012,229.6,1h 29m,PG,3.2,644,Animation
Session 9,1500000,1703434,2001,177.1,1h 37m,R,6.4,60K,Drama
Survivor,20000000,1703281,2015,237,,PG,7.5,25K,Adventure
"Men, Women and Children",16000000,1685403,2014,236.7,1h 59m,R,6.6,33K,Comedy
Bacheha-Ye aseman,180000,1628579,1999,166.6,1h 29m,PG,8.2,75K,Drama
Carlos,18000000,1619153,2010,218.1,,,,,
Walking and Talking,1000000,1615787,1996,156.9,1h 26m,R,6.7,3.7K,Comedy
The Blue Butterfly,10400000,1610194,2004,188.9,1h 37m,PG,6.2,1.6K,Adventure
Dogtown and Z-Boys,400000,1600566,2002,179.9,1h 31m,PG-13,7.6,13K,Documentary
Stan Helsing: A Parody,365000,1553556,2009,214.5,1h 48m,R,3.5,14K,Comedy
The Statement,27000000,1545064,2003,184,2h,R,6.2,5.3K,Thriller
The Lords of Salem,1500000,1541131,2013,233,1h 41m,R,5.2,31K,Horror
Patti Cake$,1000000,1471090,2017,245.1,1h 49m,R,6.8,10K,Drama
American Desi,250000,1366235,2001,177.1,1h 40m,Not Rated,6.6,1.6K,Comedy
Julia,6000000,1365108,2009,214.5,,,,,
Mean Creek,500000,1348750,2004,188.9,1h 30m,R,,32K,Crime
The Tax Collector,30000000,1309971,2020,258.8,1h 35m,Not Rated,4.8,14K,Action
Twixt,7000000,1270342,2012,229.6,1h 28m,R,4.7,11K,Comedy
Outlander,50000000,1250617,2009,214.5,,R,8.4,161K,Drama
Me and Orson Welles,25000000,1190003,2009,214.5,1h 54m,PG-13,6.7,11K,Comedy
Trois,200000,1161843,2000,172.2,,,,,Action
Get Real,2000000,1152411,1999,166.6,,PG-13,7.4,595,Comedy
Excessive Force,13000000,1152117,1993,144.5,1h 27m,R,5.3,1.4K,Action
The Son of No One,15000000,1148578,2011,224.9,1h 30m,R,5.1,17K,Action
Owning Mahowny,10000000,1147871,2003,184,1h 44m,R,7,14K,Crime
L.I.E.,700000,1140965,2001,177.1,1h 33m,Not Rated,5.2,16K,Drama
Wonderland,5500000,1128468,2003,184,1h 44m,PG,6.5,417K,Crime
The Ballad of Jack and Rose,1500000,1126258,2005,195.3,1h 52m,R,6.5,12K,Drama
Columbus,700000,1110511,2017,245.1,,,,,
Slam,1000000,1087521,1998,163,,PG,8.7,5.9K,Animation
Undiscovered,9000000,1069318,2005,195.3,1h 50m,PG,7.2,77K,Action
September Dawn,10100000,1066555,2007,207.3,1h 51m,R,5.8,3K,Drama
The Ten Commandments,10000000,1051907,2007,207.3,3h 40m,G,7.9,72K,Adventure
A Home at the End of the World,6500000,1038228,2004,188.9,1h 37m,R,6.6,14K,Drama
Maggie,4500000,1027760,2015,237,,,,,
Duma,12000000,994790,2005,195.3,1h 40m,PG,7.2,8.3K,Adventure
American Teen,5000000,989319,2008,215.3,,PG-13,4.9,20K,Comedy
Polina danser sa vie,4000000,953314,2016,240,,,,,Drama
The Brothers Solomon,10000000,900926,2007,207.3,1h 33m,R,5.3,11K,Comedy
Mata Hari,558000,900000,1931,15.2,1h 48m,R,3.9,1K,Drama
All Good Things,20000000,873617,2010,218.1,1h 41m,R,6.3,57K,Crime
Freedom,14500000,872757,2014,236.7,2h 3m,PG-13,7.6,80K,Biography
Cut Throat City,8000000,864907,2020,258.8,2h 3m,R,4.9,2.8K,Action
Alone with Her,1000000,844377,2007,207.3,1h 18m,Not Rated,6,4.1K,Crime
Higher Ground,1800000,842693,2011,224.9,,PG,8.2,1.5K,Drama
Molière,21600000,791154,2007,207.3,2h,PG-13,7.1,6.4K,Biography
Middle Men,20000000,754301,2010,218.1,1h 45m,R,6.8,38K,Comedy
Dragon Nest Warriors' Dawn,40000000,734423,2015,237,1h 28m,Not Rated,6.3,3.3K,Animation
Bodom,1250000,726460,2016,240,1h 25m,Not Rated,5.2,4.2K,Horror
Gerry,7000000,719699,2003,184,,,,,
Our Friend,10000000,714255,2021,271,2h 4m,R,7.3,13K,Drama
Feast,3200000,690872,2006,201.6,1h 35m,R,6.2,32K,Action
Bilal: A New Breed of Hero,30000000,648599,2017,245.1,1h 45m,PG-13,7.7,23K,Animation
Journey from the Fall,1300000,635305,2007,207.3,2h 15m,R,7.2,916,Drama
Ride With the Devil,35000000,630779,1999,166.6,2h 18m,R,6.7,14K,Drama
Dofus - Livre 1: Julith,8800000,624747,2016,240,,,,,Animation
Another Day of Life,9000000,587754,2018,251.1,,,,,Animation
Plastic,10000000,575371,2014,236.7,,,,,
The Lost Medallion: The Adventures of Billy Stone,2500000,549632,2013,233,1h 37m,PG,4.8,1.8K,Adventure
Eddie and the Cruisers II,5000000,540000,1989,124,1h 44m,PG-13,6.1,3.1K,Drama
The Reluctant Fundamentalist,15000000,528731,2013,233,2h 10m,R,6.8,14K,Drama
The Other End of the Line,2500000,507446,2008,215.3,1h 46m,PG-13,6.1,6.1K,Comedy
Idiocracy,2400000,500296,2006,201.6,1h 24m,R,6.5,165K,Adventure
Before We Go,3000000,483938,2015,237,1h 35m,PG-13,6.8,59K,Comedy
The Last Shot,40000000,463730,2004,188.9,1h 33m,R,5.7,4.3K,Comedy
Gunless,9900000,458054,2010,218.1,,,,,Action
Fido,8000000,456814,2007,207.3,1h 33m,R,6.7,29K,Comedy
Song One,6000000,437089,2015,237,1h 26m,PG-13,5.8,10K,Drama
Flower,500000,390803,2018,251.1,,,,,Crime
The Last Sin Eater,2200000,388390,2007,207.3,1h 57m,PG-13,5.6,1.9K,Drama
Criminal Activities,7000000,386744,2015,237,1h 34m,Not Rated,5.8,9K,Crime
Triple Threat,10000000,385651,2019,255.7,1h 36m,,5.6,,Action
The Quiet,900000,381420,2006,201.6,2h 28m,R,7.8,87K,Action
Joe,4000000,373375,2014,236.7,,,,,
Hurricane Streets,500000,367582,1998,163,1h 26m,R,6.3,1.3K,Crime
Due occhi diabolici,9000000,349618,1991,136.2,2h,R,6.1,7.3K,Horror
Malevolence,200000,346106,2004,188.9,1h 30m,R,5,3.5K,Crime
Lucy in the Sky,27000000,325943,2019,255.7,2h 4m,R,4.9,8.1K,Drama
The Informers,18000000,315000,2009,214.5,1h 38m,R,4.9,17K,Crime
I Am Wrath,18000000,309608,2016,240,1h 32m,R,5.4,15K,Action
Chairman of the Board,7000000,306715,1998,163,1h 35m,PG-13,2.3,6.3K,Comedy
Shooting Fish,4000000,302204,1998,163,1h 43m,PG,6.6,7.7K,Comedy
Imaginary Heroes,10000000,290875,2004,188.9,1h 51m,R,7.1,9.7K,Comedy
O Menino e o Mundo,500000,280967,2014,236.7,,,,,
Smiling Fish and Goat on Fire,40000,277233,2000,172.2,1h 30m,R,7.7,2.7K,Comedy
Civil Brand,500000,254293,2003,184,1h 35m,R,5.1,765,Drama
Sex with Strangers,1100000,247740,2002,179.9,,,,,Documentary
Steal,15000000,240025,2003,184,1h 23m,R,5.4,5.9K,Action
Love Liza,1000000,213137,2002,179.9,1h 30m,R,6.9,8.2K,Comedy
Def-Con 4,1300000,210904,1985,107.6,1h 28m,R,4.5,2.1K,Action
Cama adentro,800000,200433,2007,207.3,1h 23m,Not Rated,7,965,Drama
Fateless,12000000,196857,2006,201.6,2h 20m,R,7,6.9K,Drama
The Big Tease,4000000,185577,2000,172.2,1h 26m,R,6.2,2.6K,Comedy
Go For It!,2450000,182358,2011,224.9,1h 47m,PG,7.1,10K,Action
Love Ranch,25000000,146149,2010,218.1,1h 57m,R,5.6,3.2K,Biography
The Eclipse,3000000,133411,2010,218.1,2h 4m,PG-13,5,248K,Action
Tycoon,5000000,121016,2003,184,,R,7.6,5.3K,Drama
Gentlemen Broncos,9500000,119955,2009,214.5,1h 30m,PG-13,6.1,12K,Adventure
Winter Passing,3500000,113783,2006,201.6,1h 38m,R,6.2,8.6K,Comedy
Closet Monster,1850000,99748,2016,240,1h 30m,Not Rated,7,8.7K,Drama
Midnight in the Switchgrass,15000000,97518,2021,271,1h 39m,R,4.5,8.1K,Action
Wolves,18000000,94953,2014,236.7,1h 31m,R,5.3,9.8K,Action
Home Movies,400000,89134,1980,82.4,,PG-13,8.2,10K,Animation
They Came Together,3000000,82780,2014,236.7,1h 23m,R,5.6,23K,Comedy
Silent Trigger,15000000,76382,1996,156.9,1h 33m,R,5.4,4.2K,Action
The Midnight Sky,100000000,75615,2020,258.8,1h 58m,PG-13,5.6,84K,Adventure
Freaks of Nature,33000000,70958,2015,237,1h 32m,R,5.9,13K,Comedy
Stuck,5000000,67505,2008,215.3,,G,6.2,2.3K,Comedy
Nothing,4000000,63180,,,1h 34m,PG-13,5,25K,Comedy
Winnie Mandela,15000000,61847,2013,233,1h 44m,R,6.1,848,Biography
The Perfect Host,1000000,51587,2011,224.9,1h 33m,R,6.7,27K,Comedy
The Eyes of My Mother,300000,48539,2016,240,1h 16m,R,6.2,13K,Drama
Interview with the Assassin,750000,47329,2002,179.9,,R,7,12K,Drama
Defendor,3750000,44462,2010,218.1,1h 41m,R,6.8,37K,Comedy
Swelter,8000000,44197,2014,236.7,1h 36m,R,4.5,3.2K,Action
Water & Power,600000,42557,2014,236.7,1h 28m,Not Rated,4.5,138,Crime
Down for Life,3800000,41914,2011,224.9,1h 32m,R,7,332,Drama
The Velocity of Gary,4000000,34145,1999,166.6,1h 40m,R,4.8,1.8K,Comedy
Lumea e a mea,168000,29678,2015,237,,,,,Drama
Hevi reissu,3800000,21976,2018,251.1,,,,,Comedy
The Sticky Fingers of Time,250000,20628,1999,166.6,,PG-13,7.1,105K,Action
Karachi se Lahore,1000000,17721,2015,237,,,,,Adventure
Speedway Junky,1000000,17127,2001,177.1,1h 45m,R,5.9,1.8K,Crime
The Work and the Story,103000,16137,2003,184,,PG,6.9,859,Animation
My Dinner with Andre,475000,15063,1981,90.9,1h 50m,PG,7.7,22K,Comedy
The Specials,1000000,12996,2000,172.2,,,,,Comedy
Gory Gory Hallelujah,425000,12604,2005,195.3,1h 36m,Not Rated,4,306,Comedy
Hross i oss,10000000,11894,2015,237,1h 21m,Not Rated,6.8,3.4K,Comedy
Anatomie,2500000,9598,2000,172.2,1h 43m,R,6,14K,Horror
My Beautiful Laundrette,400000,9442,1986,109.6,1h 37m,R,6.8,16K,Comedy
Blood Feast,1200000,8708,2018,251.1,1h 7m,Not Rated,5,6.9K,Horror
Pink Narcissus,27000,8231,1999,166.6,1h 5m,Not Rated,6.6,1.5K,Drama
Little Big Top,240000,7484,2008,215.3,1h 23m,Not Rated,6,166,Comedy
The Case of the Grinning Cat,200000,7033,2006,201.6,2h 46m,PG-13,7.8,653K,Drama
The Sisterhood of Night,1000000,6870,2015,237,1h 44m,PG-13,6.1,2.2K,Drama
Solitude,200000,6260,2005,195.3,,,,,Comedy
Grand Isle,5000000,5444,2019,255.7,,,,,Thriller
Closer to the Moon,1500000,5396,2014,236.7,1h 52m,Not Rated,6.8,4.2K,Comedy
Tanner Hall,3000000,5073,2011,224.9,1h 36m,R,5.7,3.8K,Drama
"Peace, Propaganda and the Promised Land",70000,4930,2005,195.3,1h 20m,,8.2,557,Documentary
Supporting Characters,60000,4917,2013,233,1h 27m,Not Rated,6.3,972,Comedy
La navaja de Don Juan,1200000,4254,2015,237,1h 39m,Not Rated,7.3,44,Comedy
The Harvest/La Cosecha,560000,3709,2011,224.9,,,,,Documentary
Carousel,3380000,3604,1956,27.2,2h 8m,PG,6.6,6.4K,Drama
Veronika Decides to Die,9000000,2243,2012,229.6,1h 43m,R,6.3,13K,Drama
B-Girl,700000,1160,2010,218.1,1h 28m,PG-13,3.9,701,Drama
Higher Power,500000,528,2018,251.1,1h 33m,R,4.7,4.2K,Action
12 Angry Men,340000,379,1957,28.1,1h 36m,PG,9,790K,Crime
Food Chains,913000,176,2014,236.7,1h 23m,Not Rated,7.1,380,Documentary
The King’s Thief,1577000,0,1955,26.8,1h 18m,Not Rated,5.8,638,Adventure
Nine Dead,2000000,0,,,1h 38m,R,5.4,14K,Crime
The Curse of Downers Grove,2000000,0,2015,237,1h 29m,Not Rated,4.4,2K,Drama
Stagecoach: The Texas Jack Story,2000000,0,2016,240,1h 30m,Not Rated,4.4,871,Western
Lucky Dog,2000000,0,2015,237,,G,8.6,259,Documentary
A Funny Thing Happened on the Way to the Forum,2000000,0,1966,32.5,1h 39m,PG,6.8,9.4K,Comedy
Wings,2000000,0,1927,17.4,,,,,
Alien Uprising,2500000,0,2013,233,1h 41m,R,3,3.6K,Comedy
Chicago Overcoat,3000000,0,,,1h 34m,R,5.9,1.2K,Action
Barry Munday,3000000,0,2010,218.1,1h 35m,R,5.8,4.4K,Comedy
The Deported,3000000,0,,,1h 30m,PG-13,4.5,140,Comedy
The Taking of Pelham One Two Three,3800000,0,1974,49.3,1h 44m,R,7.6,32K,Action
The Helpers,4000000,0,,,1h 21m,R,4.1,2.2K,Horror
The Perfect Wave,4000000,0,2014,236.7,1h 34m,PG,4.5,1.2K,Adventure
Hansel & Gretel Get Baked,4500000,0,2013,233,1h 26m,R,4.3,3.7K,Comedy
Zipper,4500000,0,2015,237,1h 52m,R,5.8,7.7K,Drama
Daisy Winters,4500000,0,2017,245.1,1h 30m,PG-13,6.5,331,Drama
Reach Me,5000000,0,2014,236.7,1h 35m,PG-13,4.9,3K,Comedy
Let's Kill Ward's Wife,5000000,0,2015,237,1h 22m,Not Rated,5.4,6K,Comedy
A Shine of Rainbows,6000000,0,2011,224.9,1h 41m,PG,7.1,2.3K,Drama
Green Street Hooligans: Underground,8000000,0,2015,237,1h 49m,R,7.4,152K,Crime
Maurice Richard,8000000,0,2007,207.3,2h 4m,PG,7.6,5.3K,Biography
Teen Beach Movie,8000000,0,2013,233,,Not Rated,5.9,12K,Comedy
A Haunting in Connecticut 2: The Ghosts of Georgia,9000000,0,2013,233,1h 40m,R,5.3,18K,Drama
Irreplaceable You,10000000,0,2018,251.1,1h 36m,R,6.4,9.8K,Comedy
Stephen King's It,12000000,0,2002,179.9,,PG-13,6.8,,Drama
Bird Box,19800000,0,2018,251.1,2h 4m,R,6.6,344K,Horror
The Face of an Angel,26000000,0,2015,237,1h 41m,Not Rated,4.6,5K,Crime
The Ridiculous 6,60000000,0,2015,237,1h 59m,PG-13,4.8,50K,Action
b,70000000,0,,,,,,,
Triple Frontier,115000000,0,2019,255.7,2h 5m,R,6.4,130K,Action
Army of the Dead,90000000,0,2021,271,2h 28m,R,5.7,174K,Action
Step Sisters,10000000,0,2018,251.1,1h 48m,PG-13,5.4,4.6K,Comedy
Replicas,4000000,0,2012,229.6,1h 47m,PG-13,5.4,39K,Drama
Mugge & vejfesten,3851257,0,,,,,,,Animation
Point Blank,3000000,0,1967,33.4,1h 32m,Not Rated,7.3,22K,Crime
Not Safe For Work,2500000,0,2020,258.8,1h 14m,Not Rated,5.8,4.6K,Thriller
The Legend of Hell’s Gate: An American Conspira…,2000000,0,2012,229.6,1h 48m,PG-13,4.1,787,Action
Donkeyhead,2000000,0,2022,294.4,,,,,Drama
Kurmanjan datka,1400000,0,,,2h 15m,PG-13,6.4,3.5K,Action
My Girlfriend's Boyfriend,1400000,0,2010,218.1,1h 43m,PG,7.5,5.2K,Comedy
Da Sweet Blood of Jesus,1250000,0,2015,237,2h 3m,Not Rated,4.4,1.8K,Comedy
Strange Frame,1200000,0,2013,233,1h 38m,Not Rated,7.6,1.8K,Animation
Faith Like Potatoes,1100000,0,2009,214.5,1h 56m,PG,6.7,3.4K,Drama
Alien Psychosis,1000000,0,2018,251.1,,R,2.4,139,Horror
Fear Clinic,1000000,0,2015,237,1h 35m,R,4.7,6.3K,Horror
Jimmy and Judy,1000000,0,2006,201.6,1h 39m,R,5.9,1.6K,Crime
Snow White: A Deadly Summer,1000000,0,2012,229.6,1h 23m,PG-13,2.2,769,Horror
Spare Parts,1000000,0,2021,271,1h 54m,PG-13,7.2,11K,Biography
Hidden Away,1000000,0,2014,236.7,1h 36m,Not Rated,7,2.7K,Drama
Truth or Die,1000000,0,2012,229.6,1h 36m,Not Rated,5.6,9.6K,Horror
The Horror Network,1000000,0,2015,237,1h 37m,Not Rated,4.3,415,Horror
Snitch,850000,0,,,1h 52m,PG-13,6.4,89K,Action
Iraq for Sale: The War Profiteers,775000,0,2006,201.6,1h 15m,Not Rated,7.6,1.6K,Documentary
Bled,750000,0,2009,214.5,1h 35m,R,2.9,971,Horror
Light from the Darkroom,600000,0,,,1h 30m,PG-13,6.8,15,Action
Brooklyn Bizarre,500000,0,2015,237,1h 38m,Not Rated,4.6,1.2K,Drama
Insomnia Manica,500000,0,,,,,,,Thriller
Mutual Friends,450000,0,2014,236.7,1h 26m,Not Rated,6.6,109,Comedy
Dunk or Die,350000,0,2022,294.4,,,,,Documentary
Some Guy Who Kills People,300000,0,2012,229.6,1h 37m,R,6.3,5.9K,Comedy
Anderson's Cross,300000,0,,,1h 38m,R,5.8,158,Comedy
Amidst the Devil's Wings,300000,0,2015,237,1h 30m,Not Rated,,46,Action
Teeth and Blood,300000,0,2015,237,1h 36m,Not Rated,4.5,71,Action
The Circus: Down the Road,250000,0,2019,255.7,,,,,
"Sanctuary, Quite a Conundrum",200000,0,2014,236.7,1h 22m,Not Rated,5.4,184,Comedy
Arrowhead,180000,0,2017,245.1,1h 35m,PG-13,4.4,2.2K,Action
A Charlie Brown Christmas,150000,0,2009,214.5,,G,8.3,39K,Animation
"Dude, Where's My Dog",100000,0,,,1h 23m,PG-13,5.5,141K,Comedy
The Night Visitor,100000,0,2015,237,1h 46m,PG,6.7,1.8K,Crime
The Brain That Wouldn't Die,60000,0,1962,30.3,1h 22m,PG,4.5,7.1K,Horror
The Image Revolution,50000,0,,,1h 21m,Not Rated,7.1,324,Documentary
Terrifier,35000,0,2018,251.1,1h 25m,Not Rated,5.6,35K,Horror
Flywheel,20000,0,,,2h,Not Rated,6.6,4.5K,Drama
Stories of Our Lives,15000,0,,,,PG-13,5.2,7K,Drama
